fsq_id,name,popularity,price,rating,total_photos,total_ratings,total_tips
4fd3a01be4b0540d9cb027ea,Moii Cafe,0.2152389819987585,1.0,7.9,67.0,55.0,18.0
5d2843a1c56f480023f8e4cd,Jugo Juice,0.7055206393544382,1.0,6.4,12.0,8.0,1.0
63560d0518f2d50e9c6b4717,Jollibee Broadway & Cambie,0.8349239602731223,1.0,,,,
506241a2e4b061897f154545,Pho Extreme Xe Lua,0.8631284916201117,2.0,5.6,44.0,57.0,18.0
5678df11498e17b35a76bc68,Donair Spot,0.7725597454996896,1.0,,,,
acd8424b3fad4dda1e267983,Mexicano Taco Ltd,,,,,,
02a86174fca7491070b7af5f,La Taqueria,,,,,,
f0b9648082f64571e86ae32f,Pizzamia Gourmet Pizza Bar,,,,,,
db4410dc37cd47a74f2d4733,Fresh Slice Pizza,,,,,,
5751fda3498e4f21436b3b09,Mister,0.9636677529484792,1.0,9.0,95.0,150.0,21.0
5a878c33f8cbd46ab822ef69,MeeT in Yaletown,0.9763539726877716,2.0,8.0,20.0,30.0,8.0
4e2901b5b61c41a2f8a38ab3,The Flying Pig Yaletown,0.9657239292364992,3.0,8.8,368.0,446.0,92.0
4aa94599f964a520cc5220e3,Cactus Club Cafe Yaletown,0.9768583178150216,2.0,8.3,170.0,250.0,35.0
4b4fdbd2f964a520c91727e3,Hapa Izakaya,0.9576156114214772,2.0,8.1,191.0,117.0,38.0
4aa74bb8f964a520a14c20e3,Rodney's Oyster House,0.9666356300434512,2.0,8.6,459.0,354.0,100.0
4aa87be5f964a520785120e3,Salsa & Agave Mexican Grill,0.964851024208566,2.0,7.6,97.0,105.0,39.0
517ccf1de4b0a5232a99e385,Paulies Kitchen,0.7962833643699565,2.0,7.5,28.0,20.0,4.0
517b21d7e4b08338c6c6e247,The Distillery Bar + Kitchen,0.9496042830540036,3.0,7.6,108.0,140.0,23.0
4f6b60e3e4b026c4acd2727e,Caffe Artigiano,0.2575845747982619,1.0,6.9,57.0,46.0,15.0
4aa834c0f964a5200f5020e3,Bar None,0.885300279329609,3.0,7.1,78.0,41.0,5.0
4aa7332cf964a520414c20e3,Opus Bar,0.8011910304158908,3.0,6.5,20.0,20.0,9.0
4aa743a8f964a520884c20e3,Jugo Juice,0.7969622905027933,1.0,6.4,12.0,27.0,3.0
4aa80cc4f964a520fd4e20e3,Sushi Maro Japanese Restaurant,0.9034567039106144,2.0,6.1,30.0,44.0,20.0
515d0176fe70ed72be0f6d2f,Black Echo Coffee,0.2456548727498448,1.0,,,,
4b760075f964a520bb352ee3,Subway,0.9491193358162632,1.0,6.0,5.0,7.0,2.0
545a9aac498e653625a4f9d3,Taboo Kitchen,0.5916550279329609,2.0,5.9,14.0,9.0,2.0
4fa9bfd0e4b0f8dd982168f6,Freshslice Pizza,0.8180090006207325,1.0,,,,
5b5e70d2be7078002c2514dc,Milssam Tacorea,0.8129267535692116,1.0,,,,
6264b0d4befc6d0886c16255,Mapo Pancake House,0.8775993171942893,2.0,,,,
52d0af0e498e6fab25e39ec5,Yaletown Distilling Co,0.8021609248913718,,,,,
5f8a7dd8a02efd7a81796559,Capo & the Spritz,0.9199061142147734,2.0,,,,
33ce49c3dc9f48f804d0dca2,Somewhere Good Pizza,,,,,,
4aa0e4bdd4da467865d8a6aa,Roundhouse Pizza,,,,,,
777207538f074d253e836fe5,Mister Artisan Ice Cream,,,,,,
d84e80f91abc4d7f60305768,Voda Nightclub,,,,,,
616953860f124f79b0b3990c,100 Days,,,,,,
c47f668aaae1420fd34dd62f,Rodney S Back Room,,,,,,
4fb14574e4b0e047b2ebf605,Meat & Bread,0.9827358783364368,2.0,9.0,146.0,209.0,32.0
4d486b0211618cfade6cd423,Koffie,0.9593420235878336,1.0,7.9,12.0,17.0,2.0
576c9358cd10a371ffa40cfb,Kamei Royale Japanese Restaurant,0.9574216325263812,2.0,7.5,29.0,21.0,2.0
4b103e52f964a520206c23e3,JOEY Bentall One,0.994006052141527,2.0,7.6,233.0,150.0,35.0
52831fbd11d2e6c28ac11bb9,Chewies Steam & Oyster Bar Co,0.984171322160149,2.0,7.1,111.0,90.0,32.0
4f0f3003e4b0d2af73a23682,Subway,0.68391139044072,1.0,6.5,1.0,1.0,
4c49d7b3567776b07e8d0588,Japadog,0.95542364990689,1.0,6.7,65.0,27.0,11.0
4b675688f964a520f0482be3,Fujiya Take Out,0.8892768466790814,2.0,6.6,30.0,35.0,12.0
5053c6abe4b0719d6768a508,Joey Restaurant Group,0.9213221601489758,,,,,
53fe1bd1498e8b3759518bb7,O'Love Bistro Inc,0.8127909683426443,2.0,,,,
4bbe603c006dc9b66e11fb3f,Quiznos,0.8604127870887648,1.0,,,,
564284a1498e8336839b7a87,Tim Hortons,0.9055710738671632,1.0,6.3,,0.0,
4d8a505176e1236ae1c21743,Enzo's Cafe,0.9157937616387336,1.0,,,,
64868dfd2e8a4ca6393f8436,Arby's,,,,,,
71e24e8b1e34451b792b8592,Aussie Pie Guy,,,,,,
5f2721d9b4a14802b1fd6d90,Soup Zone,,,,,,
1a1014fd0dee4f52d6603119,Fluid Lounge & Restaurant,,,,,,
0f43981da68c40c2f9017737,Flying Wedge Pizza Co,,,,,,
7d8c74087b784ab0ba7f5869,Miku Restaurant,,,,,,
87b7c38d4b38483edb1d8845,Kuroi Sushi,,,,,,
3998178867614d5ebdacd7e0,Brass Fish Tavern,,,,,,
fca74cb740044fa27828f489,Vina Gourmet Metro Town Inc,,,,,,
5bc73d7100a64af16d97a0a9,Anita's Kitchen,,,,,,
0fbaabd123084f8a2ef6e898,Funny Farm Comedy Show,,,,,,
b9413a31019f4f40a6b9adde,EasyToDine Head Office,,,,,,
57b26a56cd104357811923e4,Lucky Taco,0.9265207945375544,1.0,8.9,14.0,77.0,6.0
4aa93bf4f964a520975220e3,Viva Fine Foods & Bakery Inc,0.9417869335816264,1.0,7.6,24.0,33.0,17.0
4b10463af964a520ce6c23e3,Local Public Eatery,0.9814168218497828,2.0,7.9,239.0,293.0,63.0
51e1f9bb498e7b1ebb05f623,Nook,0.9386832712600868,2.0,7.5,55.0,63.0,15.0
4ee03e186da1d9fae2f96d88,Chewie's Steam & Oyster Bar,0.9000232774674115,2.0,7.6,204.0,110.0,41.0
4aac17faf964a520335c20e3,Kibune Sushi Restaurant,0.8813237119801366,2.0,7.3,34.0,16.0,1.0
4aa920b0f964a520155220e3,Cafe Zen on Yew,0.8885397268777157,1.0,7.1,64.0,76.0,25.0
4aa92174f964a520195220e3,The Burrito Brothers Mexican Food,0.7937616387337058,1.0,6.9,5.0,9.0,5.0
5955d24b112c6c598f81f6f9,The Ellis,0.9314478584729982,3.0,,,,
4aaa62abf964a520cb5520e3,Yew York,0.3889082867783985,3.0,,,,
4aa7e656f964a520ee4d20e3,Kits Sushi,0.7827242396027312,2.0,5.9,8.0,20.0,10.0
50c2589fe4b0489424ed0c46,The Kings Head Vancouver,0.9211475791433892,1.0,5.1,22.0,25.0,8.0
5b6e4399a4ba7c002c1a9c79,Thai Basil Restaurant,0.7903282122905028,2.0,,,,
420779120ca545399f66cb2f,Sunset Grill Restaurant,,,,,,
60a22d3744aa4d801e432897,Kingshead Inn,,,,,,
7572a99991de4aa32c580d56,King's Head Inn,,,,,,
a67444e058d14886b94d8ade,Tangerine,,,,,,
4ce7fc88574deeeb99ad9cc2,Feel City BBQ,,,,,,
5044114ce4b003e2b452ddee,La Petite Cuillere,0.893137026691496,2.0,8.4,53.0,25.0,6.0
4acd77a2f964a52025cc20e3,Our Town Cafe,0.9633573867163252,1.0,8.5,61.0,124.0,20.0
4aab07faf964a520a15820e3,Budgies Burritos,0.9214773432650528,1.0,7.8,82.0,96.0,21.0
4abedbd3f964a5204d9020e3,Hime Japanese Restaurant,0.9648704220980756,2.0,6.9,30.0,43.0,10.0
59eaa510ff0306350d76bf9e,The Black Lodge,0.7862934512725015,3.0,6.9,5.0,9.0,1.0
4c0db123d64c0f47332e275d,Social,0.0270794537554314,3.0,,,,
61eccf043030b3598c2b11ca,Pizza Pizza,0.8466208876474239,1.0,,,,
dc68f0ad3197444443b9c8b9,Whiffing Well Oxygen Bar & Vapour Lounge,,,,,,
5025a880e572a306f91e73bd,Quesada Burritos & Tacos,,,,,,
548bb931498e031a7dad39a6,Tim Hortons,0.958604903786468,1.0,6.9,63.0,40.0,2.0
4b0e0237f964a520c95323e3,Ahwaz Hookah House,0.958391527001862,1.0,6.1,11.0,17.0,6.0
617df7621bea062d56303895,Jang Mo Jib,0.8171942892613284,2.0,,,,
5d659065ffbacb0008a01cf5,Miss Korea BBQ,0.9621547175667288,2.0,,,,
57242c7ecd1040df61be5d0b,Kissa Tanto,0.9394785847299814,2.0,8.4,77.0,78.0,9.0
5232a7428bbdeb25735b08df,The Emerald,0.860451582867784,3.0,7.1,43.0,49.0,13.0
608cc5486a2833450485bdcf,Barbara,0.8724588764742396,2.0,,,,
5c75fa29ad1789002ce814c2,Manpuku Bento,0.962756052141527,2.0,,,,
4bdb45f83904a5931894499e,Maxim's Restaurant 美心餅店,0.9693901303538176,1.0,6.0,41.0,19.0,9.0
5ce09caf916bc1002c80c4d9,La Boqueria,0.9522423960273122,2.0,,,,
583a00b6809a772320ac07dd,Klaus's Kaffee Haus,0.4914261328367473,1.0,,,,
614e2bc4185f6e0f5c0dc7b8,Nancy Go YaYa Eating House,0.9552490689013036,,,,,
4aab0973f964a520a65820e3,La Casa Gelato,0.9919498758535072,2.0,8.1,436.0,225.0,70.0
5815754438fada27f6999ae5,Luppolo Brewing Co,0.9577707945375544,2.0,7.0,63.0,37.0,8.0
5a4eba1ac4df1d0cacc5b9e6,Baggio Gelateria and Pizzeria,0.9119723774053384,2.0,,,,
5ec732a8b2e8430007360f1c,Bella Napoli,0.6974511173184358,1.0,,,,
5fd8164439540a7f81267e6e,Seahouse Restaurant,0.9434551520794536,,,,,
555df6c9498ec05757a9ef70,Moja Coffee,0.9562189633767846,1.0,8.3,40.0,121.0,7.0
4ce833c6fe90a35d053c410e,Sweet Cherubim,0.8765130353817505,,7.8,30.0,41.0,20.0
4b71d2caf964a520905e2de3,Britannia Sushi,0.2055982309124767,2.0,8.1,10.0,88.0,10.0
4aa80271f964a520af4e20e3,Biercraft,0.8148859404096834,3.0,8.5,173.0,118.0,52.0
5256c3bf498e4a720085f2cf,Sula Indian Restaurant,0.9529407200496586,2.0,7.6,18.0,16.0,6.0
4aecb34ff964a52060ca21e3,Pizza Garden,0.8268156424581006,1.0,7.1,10.0,14.0,3.0
4cddb9c1c4f6a35d0b36c56c,Eternal Abundance,0.8001241464928616,2.0,7.5,23.0,28.0,5.0
4aa9ac06f964a520ca5420e3,Joe's Cafe,0.8859404096834265,1.0,7.5,22.0,14.0,10.0
5f00f72289dce8008504b1fa,The Lunch Lady,0.9835505896958412,2.0,,,,
5d959d36718dfa0008f72e41,The Pizza Castle & Indian Curry,0.8523238671632526,2.0,,,,
5a3c6926898bdc16c1092eb1,Kulinarya,0.9014587212911236,2.0,,,,
5fa469466e1d2e5056f399ee,Mogu Fried Chicken,0.9155415890751086,2.0,,,,
58fd635835dfa707a416c32a,Thai Basil Restaurant,0.8818862507759155,2.0,,,,
4aa7f9fff964a520684e20e3,Lime Japanese Cuisine,0.5815875232774674,2.0,,,,
5c40fec6c97f28002b4761da,Bombay Kitchen and Bar,0.9099162011173184,2.0,,,,
d812a3c94a8440c3f2bf72c6,Hustle Pizza Co,,,,,,
e3f180b38ef140186b7e7098,The Reef Caribbean Restaurant - Commercial Drive,,,,,,
1433ae1cbf9f451d294fafa4,The Lang Club,,,,,,
793d7457b4be49bce4542e80,Santos Tapas Restaurant,,,,,,
7b5f0d08b398478278099acc,PhoEver Fresh Vietnamese Cuisine,,,,,,
5b470ee73e3f42936d5ee638,Tacofino,,,,,,
4aaae466f964a520e45720e3,Bacchus Restaurant & Lounge,0.9735800744878956,4.0,8.3,99.0,71.0,18.0
4aa17172f964a520904020e3,JOEY Burrard,0.9892923649906892,2.0,8.5,311.0,323.0,68.0
4aa7ceb6f964a520504d20e3,Caffe Artigiano,0.9684784295468652,2.0,7.7,204.0,144.0,53.0
51fecfa2498e27c58533c281,Faubourg,0.9347067039106144,3.0,7.2,279.0,148.0,43.0
4aa8060af964a520d04e20e3,Bellaggio Cafe,0.9537748292985724,2.0,7.0,113.0,89.0,27.0
4de3ef4dcc3fa786ac832554,Roaming Dragon,0.8339928615766604,1.0,6.5,34.0,22.0,14.0
4bf5a90192d19521859f591f,Radar Area,0.015828677839851,3.0,,,,
61f061d4c27046306da74f80,Bacchus Restaurant & Lounge,0.825612973308504,,,,,
5cf2f6b2fb8e59002c11ca57,Basil Box,0.9175589695841092,2.0,,,,
4bec9a750ddaa59307cd1dc3,Hot Dog Stand,0.4459962756052141,1.0,,,,
c458f4b2abdd47ad02d43d1c,Roaming Dragon,,,,,,
6ae381607b15403e86981180,Bayer's Cappucino Bar,,,,,,
1a70e7b87cdc45f2f62ec673,Subway,,,,,,
9a811ef83f9441477a0f83ab,Death by Chocolate,,,,,,
e7596dd228944f15ac7ea896,Sandwich Tree,,,,,,
4b8f0753f964a5207a4533e3,Ginger Sushi,0.9198479205462444,2.0,8.2,15.0,13.0,3.0
5ad42c24345cbe490eba23b1,Sopra Sotto Pizzeria,0.983143234016139,2.0,7.7,13.0,8.0,2.0
4abd7b62f964a520958a20e3,Dolce Amore,0.9880702979515829,1.0,8.7,47.0,98.0,18.0
4f89dbf9e4b0af4d4e524dbb,Tatsu Japanese Bistro,0.8695103972687771,2.0,7.5,84.0,61.0,18.0
4aa6ba15f964a520d44a20e3,Vera's on the Drive,0.864699720670391,2.0,6.9,9.0,9.0,6.0
4aad5edcf964a520f15f20e3,Marcello Ristorante & Pizzeria,0.9663252638112974,2.0,7.3,115.0,74.0,26.0
4fa33d77e4b0ad74eb4a7533,The Dime,0.952610955927995,2.0,7.1,66.0,66.0,19.0
4ab69af4f964a5201a7820e3,Sake Maki,0.8384155803848541,2.0,6.9,17.0,23.0,14.0
4aab1084f964a520c75820e3,The Charlatan,0.963221601489758,2.0,6.4,80.0,63.0,22.0
606b7d432ec75a04d0601e2f,Merci Beaucoup Cafe,0.9459768777157044,2.0,,,,
62840fd09850162b791dfdb7,Cozen,0.9374612042209808,2.0,,,,
4ee0175d9a52e7f5b892680b,Pasture to Plate,0.9120111731843576,,,,,
5ceddc19b3d8e2002c05916a,Harbour Oyster + Bar,0.9492745189323402,3.0,,,,
4b722a80f964a52020722de3,Arriva Ristorante Ltd,0.9244646182495344,3.0,,,,
5e3e360cb882400008faa264,Bar Corso,0.9009931719428926,3.0,,,,
62243f18afa47f6c34b33031,Hanai,0.8857852265673495,,,,,
5bea4dc33b8307002c18c02d,Ugly Dumpling,0.8007836747361887,1.0,,,,
35626381b7ad41eb88f4cfe1,Bagel Street Cafe,,,,,,
ba57e322fdc14ed7da1f9d19,Vera's Burger Shack,,,,,,
a724edfe966d49f771d58115,Sankyu Lounge,,,,,,
243916511d084f0b7f8f25ae,The Pond on Commercial Drive,,,,,,
2f24a6023e4f45439ce74f76,Marcellos,,,,,,
93411f9e2c3544369482551c,Merchant's Oyster Bar,,,,,,
4b525ee5f964a520e17927e3,La Grotta Del Formaggio,0.950709962756052,1.0,8.2,42.0,51.0,15.0
5060a443e4b0be43501ee278,The Cannibal Cafe,0.9296438547486032,2.0,7.8,66.0,92.0,24.0
4aa80372f964a520b84e20e3,Calabria Bar,0.9509815332091868,1.0,7.4,85.0,47.0,17.0
4bd9b9402e6f0f47a2aa0b08,J N & Z Deli,0.8646221291123526,1.0,7.4,7.0,13.0,4.0
4aab286ef964a520255920e3,Belgian Fries,0.9742202048417132,1.0,7.4,128.0,75.0,22.0
4ab15459f964a520096920e3,Take Thai Home,0.958760086902545,1.0,6.6,12.0,12.0,5.0
4e1b538cae60ddb8f651e43b,Kojima Sushi,0.9313896648044692,2.0,6.7,30.0,20.0,6.0
5a10b8a16dcf0435cc454214,Spade,0.845030260707635,1.0,6.5,13.0,10.0,4.0
6036f4100f1daa62800ffe47,Social,0.9639199255121044,2.0,,,,
5cf08a740e3239002b98435d,Park Drive,0.9461514587212912,2.0,,,,
5b5b7a8e8c35dc002cfcc1c9,Sushi Ninja,0.0937887957790192,2.0,,,,
62fb2eb96e959e1e3078e3b9,Osita,0.5739447548106766,,,,,
2abc17dd73214beea92d2b27,Saloniki Restaurant,,,,,,
3951572017e14dd402ac844e,Fratelli Authentic Italian Baking,,,,,,
4dfe52e6b0fb709b61e36ce6,Kishimoto Japanese Restaurant,0.968284450651769,2.0,8.6,224.0,134.0,38.0
4f73c020e4b0ab2907d5a86f,Siddharthas Indian Kitchen,0.9169188392302916,2.0,8.9,32.0,90.0,13.0
4aa838eaf964a520315020e3,Prado Cafe,0.9658015207945376,1.0,8.1,150.0,127.0,47.0
4ab6cfe7f964a520267920e3,Rinconcito Salvadoreno Restaurant,0.8541666666666666,2.0,8.2,20.0,24.0,13.0
5bb2874235811b00398ffc2b,Elephant Garden Creamery,0.9606804779639976,1.0,7.9,20.0,10.0,2.0
4aab06bff964a520995820e3,Addis Cafe,0.5887065487274985,2.0,7.3,6.0,8.0,4.0
508c159fe4b0306b57dfdfa7,Tangent Cafe,0.95747982619491,3.0,7.6,93.0,67.0,21.0
4b246cdcf964a520626724e3,Best Falafel,0.8760086902545003,1.0,6.1,13.0,20.0,8.0
53b74121498ebfb1ade5b1cd,Sushi Ville,0.9344545313469894,2.0,6.3,36.0,23.0,14.0
4b0de7daf964a520695223e3,Riddim & Spice,0.805788330229671,2.0,,,,
5c355fd8c9f907002cd49416,La Pache Pizza,0.8330229671011794,1.0,,,,
9f94007378304f36a7077bb3,4 Brothers Pizza,,,,,,
4e9974eec9454ded8858fa99,Durae Enterprises Ltd,,,,,,
4ad25114f964a520e0e020e3,St. Augustine's,0.9772462756052142,2.0,8.5,472.0,319.0,55.0
4aa7407df964a5207a4c20e3,Uncle Fatih's Pizza,0.9174619801365612,1.0,7.4,32.0,62.0,27.0
4aa8138ef964a520224f20e3,Megabite Pizza,0.8565526070763501,1.0,6.7,20.0,17.0,7.0
6140f96a4e1b0b7f20907ec1,Hon’s Wonton House,0.8427607076350093,1.0,,,,
3c3f2681eb9247d9289eaca4,Buddha's,,,,,,
4aabd916f964a5206d5a20e3,Kyle's Cafe,0.9481688392302916,1.0,6.3,5.0,8.0,6.0
4aae9cb7f964a5209b6220e3,Broadway Station Sushi,0.9257254810676598,2.0,6.6,13.0,16.0,6.0
4b747025f964a52099dc2de3,Quiznos,0.853177374301676,1.0,6.0,3.0,8.0,3.0
4b684df5f964a520bc702be3,Subway,0.9086941340782124,1.0,5.6,0.0,6.0,2.0
59b337eec0f1635d392d9cf8,Daddy's Kitchen,0.9280920235878336,2.0,,,,
4b9bf48ff964a5202d3a36e3,Freshslice Pizza,0.8626047486033519,1.0,,,,
4b5f923cf964a52042c229e3,McDonald's,0.9884388578522656,1.0,5.3,17.0,19.0,4.0
a60873434c704eb98bc9c8e0,Rio on Broadway,,,,,,
55a9abed498e0ce43418b2e5,Rooster's Ice Cream Bar,0.9814362197392924,1.0,6.1,16.0,24.0,4.0
53aa2de5498e191dfd681c59,The Lido,0.9605252948479206,2.0,7.2,11.0,13.0,1.0
4ce1b62d69136dcb750aebe6,Arturo's Mexico to Go,0.8933116076970825,1.0,6.7,17.0,30.0,10.0
55734e93498e907e6b20d811,SKK Vancouver Waterfront,0.4637065487274984,2.0,,,,
4e91027f0aafb4070c2e4225,The Grill at the Terminal City Club,0.8886367163252639,2.0,,,,
55073fe8498ef84023605e92,Creme de la Crumb,0.903534295468653,1.0,,,,
5baa64c84f0e58002c1a406d,Thai Express,0.4008767846058348,2.0,5.8,25.0,6.0,3.0
55c099336d3042caba03c407,TacoTime Canada,,,,,,
ac99df13047840ceff55718f,Aburi Restaurants Canada,,,,,,
57096a03cd10b7535b1d59a5,Anh and Chi,0.9793218497827436,2.0,8.7,138.0,87.0,14.0
4d810b99e6d7721e1bb523c7,Slickity Jim's Chat & Chew,0.9066767535692116,2.0,7.8,86.0,97.0,30.0
4c058d82191f20a11e43e314,Church's Chicken,0.9854903786468032,1.0,5.9,12.0,25.0,2.0
605498964d6e3e208bfea856,Pizza Hut,0.1589851024208566,1.0,,,,
62dee334abfc6e5cc280436a,Sushi Hil,0.8347299813780261,2.0,,,,
32f5e100e1974a40219bc66a,Pizza Hut,,,,,,
4efbdec10e014519c62d8889,Pizzeria Barbarella,0.9215937306021104,1.0,7.4,86.0,60.0,16.0
5d4103e23c3cf700076593dc,Catoro Cafe,0.929352886405959,,,,,
5b63bc6135d3fc002ccf63e7,Hail Mary's,0.8148665425201738,2.0,,,,
7418f07a52cf4f97a6e57915,Siga Siga,,,,,,
5ae52e0786bc49002cd8ee1e,Ba-Le Deli & Bakery - Broadway,0.940370887647424,2.0,,,,
79de8a71f87a42507a9b70d5,Salam Enterprise Ltd,,,,,,
52927eb5551b4f77b3e7b801,Nada,,,,,,
4aa81620f964a5203b4f20e3,Moose's Down Under,0.9525721601489758,2.0,7.6,89.0,79.0,16.0
4aa94b4af964a520f15220e3,Scoozi's,0.9130974549968964,2.0,7.4,120.0,168.0,60.0
4aad5fd7f964a520f75f20e3,Sciué Italian Bakery Caffé,0.954046399751707,1.0,6.9,43.0,55.0,20.0
4aa87d05f964a5207a5120e3,The Butcher & Bullock,0.8869490999379267,1.0,6.4,118.0,143.0,39.0
5938aff5829b0c197db5625e,Silver Crescent Tea Co,0.10502017380509,2.0,,,,
53629dc0498e27d5756987a7,Via Tevere Food Truck,0.9027777777777778,1.0,,,,
4c115e5d6e5dc9b6e8faaf2d,Pho Express,0.8979283054003724,2.0,,,,
587d4a3d0393cc5a953d2064,Bibiko,0.7995616076970825,2.0,,,,
b73d64f82bfc408c570ff17c,Chelsea Restaurant,,,,,,
1646e418a9ff4294281bc2fb,Hydra Cafe and Bar,,,,,,
ec3a07d73e324de970fe8062,Hydra Estiatorio Mediterranean,,,,,,
722403136cb14651f9b13e44,Palate Kitchen,,,,,,
355bc300a6ee431f28f5c420,Subway,,,,,,
5285454abff84c0f6f791b30,Black Pearl,,,,,,
abb445c6c11649cf546c0df3,Kumo Japanese Ramen,,,,,,
6967dc5d8d534cd3b2742968,Bubble Waffle,,,,,,
4cf3fd1e6c29236affdd73a2,A. Bosa and Company Ltd. Import Euro,0.9859753258845436,1.0,8.3,8.0,14.0,1.0
4f1b5861e4b08382320d3f2e,Parallel 49 Brewing Co,0.9859947237740534,1.0,8.7,362.0,168.0,32.0
4aa961a6f964a520625320e3,JJ Bean House of Coffee,0.9363361266294228,1.0,7.9,32.0,37.0,12.0
4aa7d40ff964a5206e4d20e3,Les Faux Bourgeois,0.9308077281191808,2.0,8.8,122.0,122.0,59.0
4f1995afe4b00583e823ffc4,Matchstick Coffee,0.9860917132216016,2.0,8.8,251.0,235.0,53.0
4f21e016e4b0c41c4ffda0ab,The Gluten Free Epicurean,0.4697004965859714,1.0,8.5,32.0,24.0,8.0
4b2e7cddf964a52015e124e3,Lions Den Cafe,0.8392108938547486,2.0,7.4,30.0,24.0,10.0
4ab7f051f964a520827b20e3,Ebi-Ten,0.9682456548727498,1.0,8.3,152.0,150.0,33.0
552583c6498e2ca34e9012b4,Straight Outta Brooklyn NYC Pizzeria,0.970030260707635,1.0,8.3,88.0,93.0,16.0
4aa7dce2f964a520ad4d20e3,Cafe Medina,0.9936374922408442,2.0,9.0,980.0,1363.0,307.0
4c7596abb474a1cda1b9b9bf,Library Square,0.8100558659217877,,7.7,229.0,25.0,4.0
538f71c9498e0706f1475262,Hubbub,0.907995810055866,1.0,7.4,20.0,64.0,16.0
4fe504f0e4b00cda589425c7,Memphis Blues Barbeque House,0.9230291744258224,2.0,7.2,67.0,58.0,11.0
533466e7498e5bc662c9e26c,Le Petit Belge,0.9352304469273744,1.0,7.1,67.0,69.0,15.0
4c94d97421c7199cf968137f,Blenz Coffee,0.967935288640596,1.0,7.2,20.0,14.0,3.0
59020f656a8d8658d39ea063,Pacific Coffee Roasters,0.9710777467411544,1.0,6.9,14.0,17.0,3.0
4d1d077f16cfb60c98a33b61,A&W Restaurant,0.912709497206704,1.0,7.0,39.0,22.0,1.0
57cf2e7f498eef8d7dedcbd5,Gong Cha,0.7938198324022346,,6.4,21.0,18.0,4.0
4b27ee1bf964a5207c8c24e3,Tim Hortons,0.9868676288019864,1.0,6.2,102.0,130.0,31.0
4aa8033ef964a520b64e20e3,Crepes & Gelato,0.2279445996275605,,,,,
57e5bd57498e440474bdb7d3,Wasabi sushi n noodle,0.5730524518932341,2.0,,,,
5d0941151af852002cfb3804,Sushi Sonoya,0.0818590937306021,2.0,,,,
4c0ff6fdb93cc9b6e6fe55e0,Amore Pizza,0.7994840161390441,1.0,,,,
5a56723ea8eb600dbaa24cde,Sushi Bros,0.883399286157666,2.0,,,,
632e71f5738d032eea3dc570,Pelicana Chicken,0.3625659528243327,1.0,,,,
5d2d43617226a500249d4e61,Big G Fried Chicken,0.8970941961514587,1.0,,,,
59606cbb9be5224b9b1b06c3,Gelato Express N2,0.962503879577902,,,,,
54aef2a3498eb5e74ac7814e,Mediterranean Greens Salad Bar,0.8298417132216015,2.0,,,,
58be34c289151d19bbcd29c2,Hendricks Resto Lounge,0.9246198013656114,3.0,5.0,9.0,8.0,2.0
a9997b53d39d44d7c76cb2c7,Wasabi,,,,,,
14ad000034231ef9c3cd2683,Pizza Pizza,,,,,,
4b0a070bd6804a97ffedff9b,Yogen Fruz,,,,,,
e4450302b5f246d54c106e73,Orange Julius,,,,,,
0f0fba0dd00f4edd706704ab,Booster Juice,,,,,,
4c35136fed37a593e0027003,3rd Beach,0.994713607499412,1.0,,,,
4abaacfff964a5206a8220e3,Wilder Snail,0.9454531346989448,1.0,6.8,38.0,22.0,14.0
4aa7350bf964a520464c20e3,Havana,0.9763927684667908,2.0,8.7,234.0,320.0,59.0
502ef97ce4b047ef9a41d5aa,Absinthe Bistro,0.8066224394785847,3.0,7.8,14.0,9.0,6.0
4aa9b6fbf964a520fe5420e3,Fets Whisky Kitchen,0.9337756052141528,2.0,8.1,96.0,84.0,18.0
4f8e0f4ce4b018d8f5fde367,Famoso Neapolitan Pizzeria,0.916298106765984,2.0,7.7,130.0,86.0,30.0
511ffd76e4b0781dd9ddbf08,Scandilicious,0.4865184667908132,2.0,7.4,9.0,13.0,6.0
4d4de106d6f3224bc258a1a6,Cafe du Soleil,0.8366891682184978,2.0,7.4,6.0,9.0,4.0
4aa86b72f964a520375120e3,Memphis Blues Barbeque House,0.9302839851024208,2.0,6.9,66.0,38.0,14.0
57dc3a9b498e06f25a983709,City Bistro European Food and DELI,0.2233860955927995,,,,,
5ddc44f3ec276a00087c44f2,Pacific Poke,0.1665114835505897,,,,,
5e0832ef80c6a900070c1374,Oca Pastificio,0.915056641837368,2.0,,,,
4c1246c08aedd13a66405137,Abruzzo Cappuccino Bar,0.8354283054003724,1.0,,,,
54c3105e498ee8c2a66f863c,Al Basha,0.0455268466790813,1.0,,,,
96103c4cdaea464346b37d68,Turk's Coffee Exchange,,,,,,
87902c62490e48b14e08e932,Oca Pastificio,,,,,,
80cc98ce67804e6d78be6983,Pacific Poke,,,,,,
4bcb6f5db6c49c743b389291,Italia Bella Bar & Grill Restaurant,0.8499379267535692,2.0,,,,
5d1c0f178132b9002350bb69,Sprezzatura,0.968963376784606,2.0,,,,
5116e8c6e4b0cd2368f77868,Long Table Distillery,0.9057262569832404,,7.9,37.0,28.0,3.0
4ad10242f964a520ebdb20e3,Prego Coffee & Deli,0.8249340471756673,1.0,,,,
4b63ba96f964a520908e2ae3,Mosaic Bar & Grille,0.9828716635630044,3.0,7.4,201.0,37.0,17.0
56996c68498ebc7d9daf09f4,Caffe Artigiano Inc,0.9496624767225326,1.0,7.2,5.0,9.0,3.0
506b5c37f31cd15cd744f51d,Grain Tasting Bar,0.9803499379267536,2.0,7.3,131.0,54.0,15.0
4acb8a64f964a52028c420e3,Rice'n Spice,0.2757603972687771,2.0,6.6,4.0,10.0,10.0
55d101a3498e5b80ff25cbf9,Victoria Chinese Restaurant,0.9711553382991932,2.0,5.9,15.0,13.0,2.0
4c290abced0ac9b6c82d61aa,Subway,0.8864835505896959,1.0,6.3,1.0,1.0,0.0
4fcfbc1ae4b03cde7dc4e24e,Vij's Railway Express,0.044207790192427,1.0,7.3,65.0,28.0,4.0
51b7966b498ed29155133852,Regency Club,0.8116270949720671,3.0,,,,
50b536b2498ecd0163676f72,Taco Time,0.3870654872749844,1.0,,,,
5152192fe4b0f4bcd7f1e2c5,TacoTime,0.0210661080074487,1.0,,,,
4ce6e46f678aa09331f9deea,Teriyaki Experience,0.7588842333954066,2.0,,,,
5e66add052c5be0008b60ac3,Field & Social,0.9028359714463068,1.0,,,,
54ca98ee498ecfa9d53ac108,Li'l Cheese Steak Spot,0.0735761949099937,1.0,,,,
4d5c417b6f6d6ea86e0563ec,Bento Sushi,0.3084458410924891,2.0,,,,
59b2334d35811b271f550ab2,Poké Time,0.9226606145251396,,,,,
5bce19f72aff31002c21c9b8,Mango Junction Pizza,0.3661933581626319,1.0,,,,
4aafd7f1f964a520e46420e3,Triple O's,0.8763578522656735,1.0,,,,
58868f03b210142fe78ca603,Mr. Steak,0.8595592799503414,,,,,
4bce275968f976b0df8b6583,Anita's Kitchen,0.8439827746741154,1.0,,,,
4abcff42f964a520008820e3,McDonald's,0.9898936995654872,1.0,4.9,183.0,59.0,9.0
9fbb071f729e4ff2408acb45,Victoria Chinese Restaurant 悦海海鮮酒家,,,,,,
2513d2cf7228488db63b5bfb,The Hide Lounge,,,,,,
8339b9403d304cd28b2bb68a,Rex Rotisserie & Grill,,,,,,
9d7bda41da03485e6d23aa0f,PHAT Deli & Catering,,,,,,
3cdf49b3e17a48ccd8c3c52d,Sizzle Grill Express,,,,,,
1b2e7ee55928495d79d52a21,Camay Camay Enterprises Ltd,,,,,,
0850b5d30d8e46529295231b,Guzzini,,,,,,
dda46a844a5b4246520835d6,Aeon Enterprises Ltd,,,,,,
7b63680573a04b25663778d6,Taco Time,,,,,,
34768a964e11409ee3d724a6,Lemonia,,,,,,
4a71592d4d994414af9271f8,Momo Sushi,,,,,,
463b5e7d499546aec9626c63,Tim Hortons,,,,,,
0c1957f63cf748f7d40f208b,Camay Wok,,,,,,
329e2bc328744452261421d4,Tim Hortons,,,,,,
6de4cfb5d43849801a97cea0,Mango Junction pizza,,,,,,
5445a54e498e9497033f48c4,Boston Pizza,0.9736770639354438,1.0,7.5,44.0,53.0,5.0
5503b460498ec1e7474be716,Black Rice Izakaya,0.9508845437616388,2.0,8.4,60.0,72.0,10.0
4dbf5ef81e72dd48b1f1a22c,Frankie's Italian Kitchen & Bar,0.9750155183116076,2.0,7.6,63.0,52.0,15.0
55032d19498eefc0748c452f,Rocanini Coffee Roasters,0.9642690875232774,1.0,7.0,16.0,41.0,10.0
5358210b498e69f34f0c4c15,Bogart's Bar & Restaurant,0.7944599627560521,2.0,5.5,12.0,11.0,1.0
dcb387b7a3b948a29b560c0b,Red Racer Kitchen,,,,,,
4e223f06d4c0d32590f80ff4,La Taqueria Pinche Taco Shop,0.9555594351334574,2.0,8.5,283.0,366.0,80.0
5a62b29f97cf5a4b8ccfc632,Uma Sushi,0.9461320608317816,2.0,7.8,6.0,8.0,2.0
4ab145f3f964a520d56820e3,Solly's Bagelry,0.979806797020484,2.0,7.8,66.0,103.0,30.0
5bcb670ad0a149002dede4fa,Jammer Cafe and Urban Garage,0.1132836747361887,1.0,,,,
6171f98555d8535cda934577,Pokerrito,0.9409140285536932,,,,,
5b187cf04febd5002c8caa71,Ramen Raijin,0.0150139664804469,,,,,
5eee7b409087d80007289b9e,Mr. Japanese Curry,0.9845592799503414,,,,,
79f1e0e1fb0e42d55c5cd31b,Jammer Cafe Motors Inc,,,,,,
4adeb7a8f964a520ad7621e3,Benny's Market,0.9562965549348232,1.0,,,,
56b3b6c8498e7267147d84be,JJ Bean Coffee Roasters,0.9372284295468652,1.0,7.4,13.0,25.0,1.0
57bf4ddd498e33abfac55462,Pokérrito,0.9457247051520794,,7.5,24.0,38.0,5.0
56cf6cba498e6349895e74e9,Field & Social,0.8941263190564867,2.0,6.7,16.0,18.0,6.0
56c8d816498e18ceaed0155e,Ramen Gojiro,0.9624650837988828,1.0,6.0,114.0,95.0,20.0
4aa8259df964a5209a4f20e3,Sushi Home,0.8217527932960894,2.0,6.0,15.0,30.0,12.0
51df0a34498e208140b0ebc9,Big Bowl Rice,0.8118986654252017,1.0,,,,
4b04c7f2f964a520925622e3,Dae Ji,0.8767264121663563,2.0,5.5,25.0,24.0,11.0
53f40d04498e6311b5e573ba,White Spot,0.9629694289261328,2.0,5.0,56.0,17.0,8.0
a940bf6fe9c140add01d5dbd,Frenchies Montreal Smoked Meat Ltd,,,,,,
593988a54a674033a2590e84,Pizzarico's,,,,,,
8133e1550d2049c085ab7ead,Frenchies Diner,,,,,,
6172e9723fa64af1998fdf94,Fresh Slice Pizza,,,,,,
51a50c73498e7f0ed45f93ff,Brassneck Brewery,0.9449293916821848,2.0,8.5,412.0,350.0,49.0
55674e5c498e553d349469c3,Cartems Donuterie,0.9357929857231532,1.0,7.9,72.0,74.0,7.0
4bbe6dc74e7bd13a08fe9a7f,Kranky Cafe,0.9248719739292364,1.0,7.5,40.0,34.0,19.0
4aa7f5b8f964a520394e20e3,Whip Gallery Restaurant,0.8730602110490379,2.0,7.1,163.0,156.0,51.0
624a39659103a729ce340f8f,Zarak by Afghan Kitchen,0.9640751086281812,2.0,,,,
5bf0a09116ef67002c3c16d0,Yifang Taiwan Fruit Tea,0.7848774053382992,,,,,
5863012d3e8835567907c4fe,Fife Bakery,0.9433969584109247,1.0,8.0,10.0,13.0,2.0
54bea64f498ec3ed3dde9a10,Earnest Ice Cream,0.9858201427684667,1.0,9.2,253.0,360.0,51.0
4b883a16f964a520d0e831e3,Swiss Bakery,0.9103623525760396,1.0,8.0,75.0,65.0,25.0
55abd548498e1966a0ebd1f0,Glory Juice,0.8541860645561763,1.0,6.4,6.0,9.0,1.0
c2f22b44b5a747312d29ecb6,R&B Ale & Pizza House,,,,,,
4aa6bc27f964a520df4a20e3,Steamworks Brewing Co,0.9986033519553073,2.0,8.6,1117.0,1034.0,182.0
4aa738b0f964a520584c20e3,Momo Sushi,0.9302063935443824,2.0,8.0,159.0,212.0,39.0
5a625194b1538e3d54910a2c,Ignite Pizzeria,0.929100713842334,1.0,7.3,38.0,16.0,4.0
4aa7393bf964a5205b4c20e3,Kitanoya Guu With Otoko Mae,0.9787011173184358,2.0,7.5,260.0,146.0,49.0
4aa8325ef964a520fd4f20e3,Brioche Urban Baking & Catering,0.8565720049658597,2.0,7.4,97.0,90.0,29.0
4aa89d0df964a520a65120e3,Top of Vancouver Revolving Restaurant,0.9261522346368716,4.0,7.0,282.0,103.0,21.0
4aabe6baf964a520cc5a20e3,Red Room Ultra Bar,0.9404096834264432,2.0,6.6,115.0,67.0,22.0
4aa9614ff964a520615320e3,Tim Hortons,0.9757526381129732,1.0,6.9,69.0,80.0,19.0
530272b5498ebf98dce9de5d,Fatburger,0.7985529174425823,1.0,6.3,7.0,8.0,1.0
52eabc15498e7977c643be04,Thai Express,0.8857658286778398,2.0,5.9,1.0,11.0,2.0
52ec0c19498e6ec4bad9b3eb,Camay Wok Restaurant,0.5180594351334574,1.0,,,,
56fd8201498e01c863d68502,Teppan Kitchen,0.934376939788951,2.0,,,,
52c7264911d27bd55458be5a,Hiro Japan Express,0.7608822160148976,2.0,,,,
595d4c789ec3991d3cb3dc1d,Bubble Waffle Cafe,0.9152894165114835,,,,,
62f542a6f300ea17d00f4811,Laughing Daughters,0.7980679702048417,2.0,,,,
4d6d7092cb0eb1f7f73faca0,Casablanca Mediterranean Cuisine,0.7781657355679702,2.0,,,,
9d791a97a7b2481154aad915,Club Mumbai Vancouver,,,,,,
d77ed15d95a84f1c7ce93f5e,City Picnics Cafe,,,,,,
b75a58b1764a4815ee36208a,My Toan,,,,,,
690b6cdd854c45284cd43dcb,A&W Restaurant,,,,,,
4b5fa47ff964a52000c629e3,Japadog,0.990320453134699,2.0,8.8,648.0,566.0,93.0
4ad3f11ff964a52000e720e3,Viet Sub,0.8718963376784605,1.0,8.4,42.0,157.0,38.0
58fa60c8a35dce24a1fc26cb,JINYA Ramen Bar - Vancouver,0.984830850403476,,8.0,151.0,105.0,22.0
591782f22bf9a936de28c8d1,Paramount Fine Foods,0.961786157666046,,8.2,49.0,29.0,6.0
4c9eab9f54c8a1cdcf53904b,The Chopped Leaf,0.9000814711359404,1.0,7.3,33.0,42.0,18.0
5081a68ae4b09e409ba309f5,ZAC ZAC Japanese Curry House,0.9007409993792675,,7.9,36.0,43.0,6.0
519552df498efd594ec9a0a5,Curry Fusion,0.0211630974549968,2.0,6.8,4.0,8.0,2.0
588a8ff00319b8631e1be93a,Tractor,0.5300861266294227,1.0,6.3,26.0,27.0,6.0
5c71cc08febf31002ca1178a,Bentoya,0.8790347610180013,2.0,,,,
4b4149f7f964a520bdc425e3,Beard Papa's,0.6750271570453135,1.0,5.7,40.0,24.0,9.0
4e4593fed164155c0dd9a021,E-Mo Restaurant,0.7553538175046555,2.0,,,,
ca4f9add8be54fedada8d4b9,Falafel King,,,,,,
3374a4b7d2fc4b074af6c240,Falafel House,,,,,,
5348ce8b2e45dfeb515ae9c8,Fable Diner and Bar,,,,,,
1d47a79434b048f5d385b6db,Centerplate Catering,,,,,,
578c3c00498ee0c02beb38ec,Strathcona Beer Co,0.9479166666666666,2.0,8.7,69.0,104.0,6.0
53bee9ba498ecf83180e97d5,Liquids and Solids,0.9777506207324644,1.0,,,,
eb23d06b0c544e45e2cda009,Red Way,,,,,,
3d606e1fb82149a9e34dad81,Dim Sum King,,,,,,
4bde12916198c9b6ede312ff,McDonald's,0.9691185599006829,1.0,5.6,43.0,15.0,5.0
11762eedbaa64cfb59f4c8ec,Hy's of Canada Ltd,,,,,,
4aa7f801f964a520514e20e3,Library Square Public House,0.974743947858473,2.0,6.8,165.0,152.0,29.0
6292fa4155655a52d281cc0f,Aquafarina,0.9660148975791434,2.0,,,,
4f17a3c2e4b0f22afcd37fdc,Aria Bar,0.0091558038485412,3.0,,,,
10e96b5b729549e96d39a132,British Columbia Restaurant,,,,,,
222d23524727499e2e0e6f08,Western Restaurant Franchises Inc,,,,,,
b058cf64380540e9fed4713f,Dr2 Productions Inc,,,,,,
4aa7455df964a5208e4c20e3,Kingyo Izakaya 金魚居酒屋,0.9761793916821848,3.0,9.0,766.0,433.0,100.0
4da627771e722893cd1a9af8,Milano Espresso Bar and Gelato,0.9368210738671632,1.0,8.3,77.0,119.0,17.0
4ba522fbf964a5204ce238e3,Ma Dang Goul,0.8176016449410304,2.0,7.9,82.0,45.0,12.0
4aa99cf4f964a520815420e3,True Confections,0.9414183736809436,2.0,7.5,173.0,105.0,36.0
51b41346498eb97863b9ebe7,Buckstop,0.9428926132836748,2.0,7.8,48.0,45.0,10.0
4ac940fcf964a52066bf20e3,Simba's Grill,0.8070491930477964,2.0,7.8,36.0,33.0,11.0
4af3ce83f964a52061ef21e3,Zakkushi Japanese Restaurant,0.9639005276225948,1.0,7.9,140.0,91.0,19.0
4d686b872acd6ea83c412dc0,Damso,0.910245965238982,2.0,7.0,87.0,44.0,12.0
4af4d559f964a520b1f621e3,Ukrainian Village Restaurant,0.9533480757293606,2.0,7.3,44.0,40.0,11.0
5ad144b282a7501ecaf85e10,Izakaya Gon's,0.8627017380509001,2.0,6.6,15.0,13.0,4.0
615b64a5335bcd3b39a801b1,Dan Dan Noodle,0.8773471446306642,1.0,,,,
5c3945e7724750002d776a04,Khaghan Restaurant,0.9525527622594662,,,,,
5b9f0fba9e0d540039810639,The Sauce Pasta Cafe,0.8199681874612043,2.0,,,,
622c18560671ce24711ad20c,Pho Q & M Restaurant,0.7950225015518312,2.0,,,,
5eb9f15f2e9d4f00089dd4df,Chimec Fried Chicken & Burger Vancouver,0.8090277777777778,1.0,,,,
5bfee70360d11b002c6c95ed,Breka Bakery and Cafe,0.980737895716946,1.0,,,,
5a96134cc876c82d6b2b5d67,Modern Handi Indian Cuisine,0.8015013966480447,2.0,,,,
569c3392c7ab4430c56168ae,Sushiholic on Denman,,,,,,
1d68c03eb8d34d3208aab1e9,Hwasarang Restaurant,,,,,,
115eb044d3804408a28c86e9,Madangcoul Korean Restaurant,,,,,,
983ebbb0a6694bd7258b18da,Damso Restaurant Ltd,,,,,,
fdb53dc0b6784badd036e34f,Hui Lau Shan,,,,,,
1083d8ac72c54d3931a57454,Booster Juice,,,,,,
4bd753c80b779c741ae904a0,Napoletana Pizza,0.8836320608317815,2.0,7.5,1.0,10.0,3.0
59711b4f6fa81f7095c7fb66,Gyo Para Gyoza & Ramen Bar,0.9504189944134078,,7.4,15.0,16.0,5.0
4bf06363f45ec92858c9933c,Gramercy Grill,0.8247012725015518,3.0,7.2,60.0,18.0,3.0
4b2d62adf964a5208bd524e3,Plaisir Sucre Bakery Ltd,0.8141488206083178,3.0,6.7,28.0,18.0,10.0
4b197afef964a5201cde23e3,Subway,0.918800434512725,1.0,6.2,2.0,7.0,1.0
50fdf001e4b04cff0384ba89,Trees Organic Coffee,0.9604671011793916,1.0,7.1,25.0,40.0,8.0
bf62802fe4ec69d073a83ccb,Coquette,,,,,,
4aac6f3ef964a520f05d20e3,La Casita Mexican Restaurant,0.968187461204221,2.0,8.3,932.0,209.0,831.0
5509ef63498e9ecb263777ab,Prado Cafe,0.9627948479205464,1.0,8.5,73.0,171.0,25.0
4b3902ecf964a520335425e3,JJ Bean,0.9359869646182496,2.0,7.9,53.0,97.0,28.0
4aa73aa6f964a520654c20e3,Jules Bistro,0.9365107076350092,3.0,7.2,66.0,39.0,16.0
603186f2c2ac9a2bc72cfe74,The Vegetarian Butcher,0.8113361266294227,1.0,,,,
4b885a56f964a5207bf131e3,The Met Pub,0.9552878646803228,1.0,5.9,54.0,69.0,29.0
4c5b5582d25320a18d69c07a,The Charles Bar,0.8933310055865922,2.0,6.5,135.0,127.0,39.0
4aa74399f964a520874c20e3,Bourbon Street Pub,0.9390518311607696,,5.9,43.0,34.0,8.0
62aba59049bfe6193d4feb3a,The Hart,0.8135474860335196,2.0,,,,
5fc836f1542ed2502c83e440,The Frying Pan,0.9734830850403476,1.0,,,,
4bb0dd20f964a5205a643ce3,Woodward's Building,0.8951544072004965,,,,,
4d47b72b551db1f7dd6d9b30,Funbox,0.2287205152079453,1.0,,,,
5cabf75464c8e1002cca9ad5,Vegan Cave Cafe,0.8325574177529484,2.0,,,,
4d7150621c01b60c5fd212c7,Hiro Japan Xpress,0.7984365301055245,2.0,5.0,11.0,12.0,6.0
a777943e2330444ecdad3108,Gastown Cafe,,,,,,
be120bd20d0e49ef2877f6e3,"The Bourbon in Gastown, Vancouvers ONLY country bar",,,,,,
4ea6edc62a3f4fb3411c82d8,W2 Community Media Arts Society,,,,,,
4a2c3f6516e344cc25efa6b4,Fresh Slice Pizza Co,,,,,,
4aa81803f964a520454f20e3,Nuba Restaurant Group Inc,0.9490611421477344,2.0,8.2,48.0,83.0,23.0
598b63f946e1b670969fce47,Chancho Tortilleria,0.9612430167597764,1.0,8.2,17.0,16.0,5.0
4aaa9910f964a520875620e3,Coo Coo Coffee,0.917733550589696,1.0,7.6,71.0,87.0,30.0
4aa7b956f964a5200b4d20e3,JJ Bean Coffee Roasters - Yaletown,0.9592062383612664,2.0,7.3,140.0,200.0,54.0
558a158b498ecbc9ee873953,Menchies,0.9082867783985102,1.0,6.9,8.0,11.0,3.0
60e0c42f0e501b1ba849028b,Noah's Cafe,0.8840976101800124,2.0,,,,
4029c5337c5542f21f254e7d,Jusu Bar,,,,,,
6818359270f843ade6288a5f,Diavolo Restaurant,,,,,,
9b70777073364d01f732064f,Menchie's Frozen Yogurt,,,,,,
29738769f1a343bdeb735ad4,JJ House of Coffee,,,,,,
9d768e3d9d8c47bf0716f255,Vibes Lounge,,,,,,
95e710ee2fca4831733c7167,Palladium Club,,,,,,
b2abef57e7e7445493db453f,Moonbeans Espresso Bar Moon Pennies Coffee Co Li mi,,,,,,
1c44dfc371f84aef6aedc294,The Nuba Cafe,,,,,,
518960a9498ea7adf1441495,Thai Son Restaurant,0.946054469273743,1.0,7.4,27.0,45.0,6.0
5646ab13498e460c732920e8,Ramen Danbo - Robson,0.989544537554314,2.0,9.0,224.0,256.0,43.0
50a6d03f29a6ae018b3f7fe0,Forage,0.9719894475481068,2.0,8.6,308.0,251.0,54.0
4aa815a0f964a520344f20e3,Miko Sushi Japanese Restaurant,0.3153514897579143,2.0,8.6,73.0,80.0,28.0
54950f91498e505982dc3683,Chatime,0.8169227188081937,,8.2,43.0,126.0,5.0
56611a1a498efeaff6226ba1,Timber,0.8421205772811918,3.0,7.4,69.0,59.0,13.0
4aaaf960f964a520575820e3,Konbiniya,0.9943552141527002,,8.8,140.0,159.0,20.0
5613530b498ea051161f8998,Cora Breakfast & Lunch,0.9636095592799504,1.0,8.0,59.0,65.0,10.0
4bd4fae529eb9c7406c492e1,Chongqing Chinese Restaurant,0.9180245189323402,2.0,7.4,42.0,45.0,16.0
4afb18aaf964a520221b22e3,A Taste of India Restaurant Inc,0.9126707014276848,2.0,7.1,9.0,14.0,4.0
52f3eb5b498e301b738db83a,Stepho's Souvlaki Greek Taverna,0.7918800434512725,2.0,7.4,96.0,138.0,22.0
4afa294cf964a5201e1722e3,Bubble World,0.9426986343885784,1.0,6.7,75.0,61.0,18.0
4b6e41aaf964a5209ab42ce3,Coco Rico Cafe,0.9531153010552452,1.0,6.5,36.0,32.0,15.0
58cc471c4e31c532f4cf9011,Meet Fresh,0.7947121353196772,1.0,6.8,31.0,19.0,1.0
4ae3ba88f964a520809821e3,Dae Bak Bon Ga,0.5586204220980757,2.0,6.2,47.0,29.0,8.0
5a527d939411f2779e45f2ba,Rice and Noodle,0.9228739913097456,2.0,6.4,12.0,9.0,1.0
5781bbbe498e9779ec41b7d0,Koyuki Sapporo Ramen,0.9109248913718188,,5.9,15.0,13.0,4.0
59ac511c037be17f2b9b4982,Joong Won,0.6819716014897579,2.0,,,,
5d8189ed153d7800081308bd,Umai Savoury Hot Dog,0.5847687771570453,1.0,,,,
57a2aa6d498e39ed4c1de8f7,Won Jung,0.2466053693358162,1.0,,,,
4b501e3ef964a520061d27e3,The Bunker at the Barclay,0.7582828988206083,2.0,,,,
523f9e0e11d22f1cfd3c2e8d,Ole Wings & Tapas,0.938722067039106,2.0,,,,
5de72d661a9c7d000841803c,Kosoo Korean Chicken & BBQ Restaurant,0.9305555555555556,2.0,,,,
2702cfe832ed453f7544ce95,Yakiniku Chosun Restaurant,,,,,,
b4b3bc42e0264cb6c95ab4e4,Brazil Station,,,,,,
170974508684437d4ef2fdab,Chong Qing on Robson,,,,,,
8b404c4a15244b8c46cef389,Chongqing,,,,,,
0a1ce696e77d4761aaca3e97,The Bunker Project,,,,,,
4aaec434f964a520346320e3,Le Crocodile Restaurant,0.9677607076350092,4.0,8.8,143.0,85.0,34.0
4aa7ed88f964a5200b4e20e3,Salathai Thai Restaurant,0.975093109869646,2.0,7.9,144.0,159.0,47.0
53c32265498e7aa07942e9c1,Boulevard Kitchen & Oyster Bar,0.9927063935443824,4.0,8.3,128.0,69.0,16.0
4aa82e4bf964a520de4f20e3,Pacifico Pizzeria & Ristorante,0.9369762569832404,2.0,7.7,108.0,119.0,36.0
4aac67b3f964a520d95d20e3,Gerard Lounge,0.923766294227188,3.0,6.6,16.0,15.0,2.0
5a0cf72a3d479150f4bf65ba,Italian Kitchen,0.9478778708876474,2.0,6.6,36.0,25.0,4.0
5d1d64f5e7e5fc00239f129d,Ballyhoo Public House,0.8944754810676598,1.0,6.4,10.0,6.0,2.0
4aa74e0df964a520a64c20e3,Japa Dog,0.8246624767225326,1.0,7.6,229.0,152.0,57.0
5154ff1fe4b0859ca049d0c6,Kamei Baru,0.7796981688392303,2.0,6.1,110.0,55.0,13.0
623688d89f209c3b4a42a569,Chef Hung Taiwanese Bistro 990,0.885959807572936,,,,,
4dc0bf2c7d8bf48713b37c92,The Bird House,0.2252676908752327,1.0,,,,
249f044c4c4349f2f1aa3037,Lombardo's Pizzeria & Restaurant,,,,,,
15d984d3eb85413d0491c60a,Panago Pizza,,,,,,
668981d6b42843af91361b7b,Gerard Lounge,,,,,,
5d351533c9759600073a93dc,Kinara Indian Cuisine,0.9538330229671012,2.0,,,,
6158d22adfe7f9220b163a51,Le Coq Frit,0.9290425201738052,1.0,,,,
4aa74c7bf964a520a34c20e3,Granville Island Brewing,0.986887026691496,2.0,8.7,807.0,511.0,81.0
55e4c9f1498ef3f9eda26716,Off the Tracks Bistro,0.9396725636250776,1.0,8.3,42.0,41.0,6.0
4aabf3dbf964a520255b20e3,Pedro's Organic Coffee House,0.7941689944134078,1.0,6.3,8.0,15.0,5.0
fba2f5052db64d35bcbb4ca8,Agro Cafe Coffee & Roasting House,,,,,,
d41f3916b03048d6d35acf34,Artisan Sakemaker at Granville Island,,,,,,
4d8bcaf36eb360fcd405161e,Brunch Mexicana at the Waldorf,0.1558814400993172,1.0,,,,
56a8fbd6498e80ba3f11b798,Per Se Social Corner,0.9722998137802608,1.0,7.5,85.0,72.0,16.0
4aa7f6f2f964a520464e20e3,Uva Wine Bar,0.94774208566108,2.0,7.4,126.0,129.0,28.0
4b182f85f964a52085ce23e3,Localcoin Bitcoin ATM - Red Card Sports Bar + Eatery,0.9398277467411544,1.0,7.3,94.0,107.0,26.0
4aa80138f964a520a64e20e3,Cibo Trattoria,0.8617124456859093,3.0,7.1,40.0,50.0,15.0
4c96f06d72dd224bbab6b091,Hollywood North Cabaret,0.7988244878957169,2.0,,,,
5fa4d37ab9755669c26524ea,Tutto Restaurant & Bar,0.9064245810055864,2.0,,,,
510b1603e4b0607cda141579,Breka Bakery & Cafe,0.99538330229671,2.0,8.5,364.0,283.0,53.0
5bba5b613149b9002c1e480b,Horin Ramen + Sake,0.9662476722532588,,8.5,20.0,28.0,7.0
53f8e5b6498e31b96a915e64,Damso,0.8513345747982619,2.0,8.4,18.0,84.0,5.0
4aa7fb50f964a5207b4e20e3,Earl's Restaurant,0.975713842333954,2.0,7.9,210.0,116.0,21.0
4aa801e0f964a520ab4e20e3,CinCin Ristorante + Bar,0.9304197703289884,1.0,8.1,171.0,107.0,33.0
4ab3df1df964a520d86e20e3,Ebisu on Robson,0.9343381440099318,2.0,6.3,190.0,85.0,22.0
4c2d6b124e132d7fc3819cdf,Bon Crepe,0.8666395096213532,1.0,6.6,34.0,20.0,5.0
621be58c1842953d0266091c,Freshslice Pizza,0.7855951272501552,1.0,,,,
53e473b2498e59eb2d12b380,Zefferellis,0.5336941340782123,2.0,,,,
52eb023b11d2d36818b5e928,Momo Sushi,0.8464269087523277,2.0,5.7,42.0,48.0,7.0
613dfffcfcd9f4263a719c40,Paul Bakery,0.9498176598386096,3.0,,,,
5b47ee4231fd14002c01b816,Castella Cheesecake,0.8895290192427064,1.0,,,,
603ececbb80ab26e9db2510c,Hello Nori,0.9554430477963998,2.0,,,,
5edc44dec19436000841859c,Uncle Tetsu's Japanese Cheesecake,0.9524751707014276,1.0,,,,
4b63d9e6f964a52049942ae3,Shenanigans,0.8794615145872129,2.0,4.9,35.0,29.0,10.0
65660d5dd0b24875037c1bea,Kamei Sushi Japanese Restaurant Ltd,,,,,,
ecf53dfc8ad74251872f9c22,Gelarmony,,,,,,
a8bec6602eb54a20e45becde,Mondo Gelato,,,,,,
a258f9c064b143941e0c3330,Flaming Wok,,,,,,
f6398730ef634a6770c146d3,Happy Lemon,,,,,,
aa8b289febbf472f97c12021,Blenz Coffee Robson - Bute,,,,,,
008e8ed20ca546fbbcea8c35,Abode Restaurant,,,,,,
c37854b5afbd476594b09794,Shenanigans,,,,,,
a6a36f3120d64dfe0f5b3d2e,Shroom bros,,,,,,
4abfcaf5f964a5203c9220e3,Legendary Noodle House,0.914862662942272,1.0,8.1,84.0,97.0,31.0
4aa75933f964a520bf4c20e3,Banana Leaf,0.858143234016139,3.0,8.4,85.0,55.0,20.0
4ad008e2f964a5205fd720e3,Delany's Coffee House,0.9783519553072626,1.0,8.2,62.0,75.0,24.0
50527ea7e4b0588850a3fbab,Espana,0.840471756672874,4.0,8.2,64.0,64.0,16.0
4b66044ff964a520a40e2be3,Akira Sushi,0.900003879577902,2.0,6.9,48.0,38.0,17.0
4be8674c947820a1a3dcb4db,Falafel King Restaurant,0.8605291744258224,1.0,6.6,7.0,10.0,3.0
4aada3cff964a5201d6120e3,Nat's Pizzeria,0.9264819987585352,1.0,6.3,18.0,24.0,8.0
5b4e9f756bd36b002cebafb8,Gillaneh Grill House,0.9222920546244568,,,,,
5f78f71dee61ef117f87314d,Sushi Aboard,0.9692737430167596,2.0,,,,
5b4e9037c9a517002cd3753d,Nat's New York Pizzaria,0.9091014897579144,1.0,,,,
5b65160ac03635002c2ce08c,Shizenya on Denman,0.8713919925512105,2.0,,,,
552499b1498e8396bd7082d2,Kitaya,0.0541589075108628,2.0,,,,
5e645a0e0b66dc00082892ac,Ofra's Kitchen,0.838163407821229,2.0,,,,
50fc78f4e4b020b565a97c05,Burger King,0.9194405648665426,1.0,5.4,42.0,8.0,2.0
6258854dbf92f7404dc513e0,Thios,0.935909373060211,2.0,,,,
633648bf5102e614a125765e,The Frying Pan,0.8915657976412167,1.0,,,,
54d57947498e2290e6924560,Che-licious,0.2628414028553693,2.0,,,,
0ca8137d85d34dc22b88c522,Vancouver Retro Cinema Fest,,,,,,
080f755196184476fa46c840,"Sweet Surrender: a gluten free, uncontaminated bakery",,,,,,
41c2622789f741e658872d01,Olympia Pizza & Pasta Restaurant on Denman,,,,,,
4c426d42520fa5939949cbac,Casa Dolce Gelato & Coffee,0.9649674115456238,1.0,9.0,14.0,78.0,3.0
4f04cf95c5128dfde90ff6a9,Soirette,0.9075690564866542,1.0,7.6,134.0,46.0,14.0
4ace95e0f964a52051d120e3,Temaki Sushi,0.8665813159528243,2.0,7.0,42.0,54.0,27.0
551074d8498ed654c625740e,Yagoto Sushi Dining,0.8634970515207946,2.0,,,,
4c8c0b54ed3ab60c54296421,Evelyn's Coffee Shop,0.8567659838609559,1.0,,,,
a4d710a9780a4e775effb6dd,I.ce Queen,,,,,,
554ae8d0498efd51145bb5ba,Pho Japolo,0.8907510862818125,2.0,5.5,10.0,8.0,2.0
620489a5193ca25cbbbc4103,Quesada Burritos & Tacos,0.8719351334574799,1.0,,,,
4aa9a423f964a520a65420e3,Parthenon Super Market,0.9742977963997516,2.0,8.4,31.0,34.0,13.0
52324563498e06224eadbbc2,Neverland Tea Salon,0.9344933271260089,2.0,8.1,93.0,32.0,13.0
4f878c5be4b0ab5c86346ad8,Nuba,0.937965549348231,1.0,7.7,55.0,63.0,17.0
4af39538f964a520bcee21e3,Mamalee Malaysian Delight,0.9302451893234016,2.0,7.6,85.0,46.0,13.0
4bc1015374a9a5933a26d1f6,Notte's Bon Ton Pastry,0.8432262569832403,1.0,7.6,17.0,11.0,6.0
4abe6a40f964a5206c8d20e3,Elwood's,0.8614020794537555,2.0,6.9,34.0,25.0,22.0
4b85ddc2f964a520f97631e3,Subway,0.7847416201117319,1.0,6.4,1.0,2.0,0.0
4aa7f754f964a520484e20e3,The Fringe Cafe,0.9040580384854128,2.0,5.8,8.0,12.0,6.0
4aafc5dcf964a520ad6420e3,Tim Hortons,0.9468885785226568,1.0,5.6,26.0,29.0,5.0
4aa6a91df964a520864a20e3,Coppertank Grill,0.7827048417132216,1.0,5.7,14.0,39.0,15.0
8d1036a168d84bcf5f757197,Kitsilano Sushi,,,,,,
12b0634f0d5544df0f1d8264,Taco Shack,,,,,,
ee4a370766fc429ff621585d,Pita Pit,,,,,,
176f8abd02594590ca298ad6,Cafe d'Lite,,,,,,
df50e2791d8443e7cec4c1cf,Mamalee,,,,,,
4aa7e94cf964a520f64d20e3,The Wolf and Hound,0.899848696461825,1.0,8.5,36.0,109.0,17.0
4d7c1fd1da568cfa8bf35fff,Taste of Thai Restaurant,0.8604709807572936,2.0,,,,
62aaaa77a6253e3608e6bed8,Itosugi Kappo Cuisine,0.9585273122284296,2.0,,,,
662975e8e38d4350c41ccd27,Handi Grill,,,,,,
5463d301498eda544d08023c,Jamjar,0.9653359714463068,2.0,8.4,32.0,41.0,13.0
5bbfa5c7180b91002c8d60c2,Poke Five,0.6234481688392303,,,,,
55e3a0e5498e34b618dbbc06,Jarn,0.0810831781502172,1.0,,,,
5cf876cc06fb60002c7eee3f,Loku Japanese Cuisine,0.9136405959031656,2.0,,,,
5fb9ab8559421923cb9c3877,B House,0.9518738361266296,2.0,,,,
146a29f1511a46434ec0c30c,Mr Greek Donair Store,,,,,,
5c3b9208646e38002cdb1141,Joon's Kitchen,0.932999689633768,2.0,,,,
4aa8005bf964a520a24e20e3,Chambar,0.9914649286157666,3.0,8.6,548.0,518.0,120.0
571f842a498e10fa3180d4cd,Jam Cafe,0.9686142147734328,1.0,8.5,250.0,147.0,37.0
54541059498ee281f01f31bd,Devil's Elbow Ale & Smoke House,0.9529795158286778,3.0,7.4,64.0,68.0,10.0
5046578ae4b03314a3eeb5ef,Yolk's Breakfast,0.9114874301675978,1.0,8.0,69.0,39.0,16.0
4aa6bf0df964a520e84a20e3,Fatburger,0.9172873991309746,1.0,7.2,63.0,50.0,11.0
601cdbab8a05452ed3c80e3d,Famoso Neapolitan Pizzeria - Dunsmuir,0.7419498758535071,1.0,,,,
94d344e3baa78e398f133944,Tim Hortons,,,,,,
27b19d05b4d342030791215b,Taco Ltd,,,,,,
56d4011c7242408e3abd37b3,Medina Cafe,,,,,,
5af12891a5a315002c9b99c0,Jos,0.9208760086902544,2.0,8.3,5.0,10.0,3.0
5787d8ba498e25da10f9f43d,Tap Shack Coal Harbour,0.9582557417752948,3.0,7.2,44.0,36.0,4.0
2042741bc44c4b8d67f65d96,Garden Cafe,,,,,,
5c921c4ac15446eddef55209,Cafe Natura Corp,,,,,,
f86bd337967049c4f668e178,Pearson's Pier,,,,,,
0ffde272073d423ce3bcc39b,Joyeaux Cafe & Restaurant Ltd,,,,,,
4ae9e104f964a5203eb721e3,Sunshine Diner,0.9257060831781502,1.0,7.8,66.0,63.0,20.0
5b92ba99c9a517002cd11e9e,Super Hiro's,0.7816961514587213,2.0,,,,
5e6d35c49ce20d0008744a09,Potluck Hawker Eatery,0.9367628801986344,2.0,8.2,26.0,8.0,1.0
503a5effe4b0c6f193940f26,Lemonade Gluten Free Bakery,0.9162205152079452,1.0,8.1,24.0,31.0,8.0
4fa497b2e4b052ea290b8176,Xe Lua 24,0.8581238361266295,2.0,6.9,13.0,23.0,5.0
59e2bb22002f4c4049c0597a,Viet House,0.9441922718808192,2.0,6.3,11.0,11.0,4.0
4adbdddff964a520ec2a21e3,Café Gloucester 告羅士打餐廳,0.9874689633767846,2.0,6.8,139.0,82.0,28.0
4aa8042df964a520bd4e20e3,Las Tortas,0.8995965238981999,1.0,6.3,29.0,23.0,11.0
4aaae6a3f964a520ef5720e3,Tokyo John,0.9352886405959032,2.0,6.3,14.0,21.0,7.0
58d6d666fa7ed05be69e9e9b,Tasty Lucky Noodle House,0.5731300434512725,1.0,,,,
62926dbd93e41f7dda18bec0,Deccan Chilli's,0.8312771570453135,2.0,,,,
4ab439bdf964a520797020e3,Kino Cafe,0.8512763811297331,2.0,5.5,31.0,19.0,8.0
4b46551ef964a520dc1d26e3,Szechuan House Restaurant,0.3269902234636871,1.0,,,,
537ebfdd498e3b3229a06366,Prontino,0.4368210738671632,3.0,,,,
5457ed84498ec5170a526eaf,Sushi 7,0.8335661080074488,2.0,,,,
4aad549ff964a520bb5f20e3,Flying Wedge Pizza Co,0.8774053382991931,1.0,,,,
5529bfc6498e49883b74ecb4,Rain Or Shine Ice Cream,0.8069328057107387,1.0,,,,
43e96cebde9d4233184520e1,Om Vegetarian Restaurant,,,,,,
85db9b84ecb247b73e1c2a52,Indian Junction Bar & Grill,,,,,,
8ef098839c2341bdb689cf22,Flo Tea Room,,,,,,
68dbe478a9284507ae3c4b71,Cafe Gloucester,,,,,,
4ac38331f964a520979b20e3,Corner Cup Coffee House,0.8533325574177529,1.0,7.3,12.0,13.0,5.0
4abee249f964a5206a9020e3,Hitoe Sushi,0.903786468032278,2.0,7.3,33.0,47.0,16.0
5d29827cf5c8330023780aff,Castaway Bar and Kitchen,0.9660536933581626,2.0,,,,
5e27ecc49309440008cb03ae,Published on Main,0.967527932960894,2.0,,,,
7d6ef0b8602745697a2e336c,Published on Main,,,,,,
4b4be83af964a520fdaa26e3,Shizen Ya,0.9414571694599628,1.0,8.7,132.0,407.0,57.0
595bfcb4a9fe12131dd57527,Pokerrito,0.8798494723774053,,8.0,10.0,16.0,
4e68206a8877085d2852133b,Gyu-Kaku Japanese BBQ,0.9547447237740534,2.0,8.2,279.0,206.0,45.0
4b4d505df964a52095d026e3,Guu Garden,0.8519747051520794,2.0,8.3,343.0,219.0,54.0
5747390b498eb02f22c63f2e,Honolulu Coffee Shp,0.9679546865301056,1.0,7.3,65.0,48.0,14.0
4adbf332f964a520262b21e3,Tim Hortons,0.9635901613904408,1.0,7.4,49.0,121.0,12.0
4aa95b20f964a520405320e3,One Saigon,0.8924774984481688,2.0,6.3,30.0,31.0,18.0
58c70574d43907129d35bc6d,Hooked Poke Bar,0.7180128801986344,,6.4,3.0,9.0,1.0
4b7e0400f964a52026df2fe3,Sushi Maki,0.7845088454376163,2.0,6.1,13.0,19.0,12.0
5578ea98498ee0bdb061c628,Waffle Times,0.1540386405959031,1.0,6.4,,9.0,3.0
4ab5916ff964a5206c7520e3,Relish the Restaurant,0.9290619180633148,1.0,6.3,52.0,79.0,32.0
6151128a106a9e0d20f96157,Pokey Okey,0.9320103972687772,,,,,
4bf83af85efe2d7fba626a34,Wall Centre Green Space,0.8504228739913098,3.0,,,,
a3905d3303ec4662dc8a31c3,Lilu Burrito,,,,,,
ae95cf633a774b8278d1b137,Gyu-Kaku Japanese BBQ,,,,,,
3cf5c987fb764ad43724298c,Gyu-Kaku BBQ,,,,,,
1be206e5476d4aabef4d31a6,Eat Bar & Patio Haraheri,,,,,,
a54e86e6e5f140aa9d67b31a,Aces Pizza Shop,,,,,,
4b4a2eaaf964a520af7d26e3,Tim Hortons,0.994781967721912,1.0,6.9,73.0,139.0,23.0
514cc33ae4b0cbb5ebe906ed,Number e food,0.8535265363128491,1.0,8.2,7.0,12.0,3.0
4bbe5ae582a2ef3bf2382bd2,Sushi Coen,0.022947703289882,2.0,7.8,1.0,8.0,2.0
6078a8f25143892cb9e9c954,Maxine's Cafe & Bar,0.993656890130354,2.0,7.4,43.0,8.0,2.0
4ca4e506f47ea143584b5221,Maple Leaf Delicatessen,0.373719739292365,1.0,7.0,6.0,9.0,1.0
4ac64304f964a5206db320e3,Daikichi Sushi,0.0592023587833643,2.0,6.1,15.0,12.0,8.0
5ec1729cd0be34000762fb73,Caffe Mira,0.9813392302917444,1.0,,,,
9a8df93d40034c06f9e940b9,Yo Ramen,,,,,,
523871de11d2c5fc2ec832a1,JJ Bean Coffee Roasters,0.964754034761018,1.0,7.6,62.0,70.0,9.0
5ba9958535d3fc003903abcc,Nook,0.9556564245810056,2.0,7.8,8.0,15.0,3.0
604859d906d2a567129f63d3,CRAFT Beer Market English Bay,0.9946073867163252,,8.2,16.0,9.0,3.0
4b946504f964a520947734e3,Won More Szechuan Cuisine,0.7583604903786468,,8.1,7.0,11.0,3.0
4abbf55cf964a520ae8520e3,Marble Slab Creamery,0.9405260707635008,1.0,7.6,104.0,60.0,18.0
597418f115173e2ac2644b47,Hook Seabar,0.9695841092489136,3.0,7.3,26.0,29.0,2.0
4ac6a6dff964a520a5b520e3,Mediterranean Grill,0.975306486654252,2.0,7.2,47.0,46.0,15.0
4afa7953f964a520ec1722e3,The Calling Public House,0.9664222532588456,2.0,6.7,170.0,81.0,26.0
4abad180f964a520108320e3,Babylon Cafe,0.950768156424581,1.0,6.9,24.0,24.0,9.0
51b3e9fd498edc9cb202bada,Shamrock Alley,0.9515828677839852,1.0,6.6,22.0,21.0,6.0
56ff4fa6498e3f0ebdbdbfe1,La Catrina Mexican Tacos,0.8423339540657977,1.0,6.4,10.0,19.0,4.0
5f03a449620ed061bb7493b8,Vonns,0.8994219428926132,1.0,,,,
602dd2158f3fbb0da5b579a5,The Loft on Denman,0.8938353507138423,2.0,,,,
5e2e693517ff6400083267ca,Beeryani Indian Bistro and Bar,0.0626745810055866,2.0,,,,
5bc42e0bda5ede002cc5c121,The Cake Club,0.2088958721291123,1.0,,,,
60b2d8cbc694b97103cb8a0c,Pigot’s Burger Club,0.3469894475481068,1.0,,,,
7c19d9c1af2e4498cc2ed62c,Subway,,,,,,
17f2d6789de14b63743943b4,CruiseyT,,,,,,
72bf4e0bf4c24926154b4711,Milestone's Restaurant,,,,,,
0325b4b3ff1a496e0503c538,English Bay Bistro,,,,,,
26b014175e054ff7c957cdf1,Seafood and Papi's Oyster Bar,,,,,,
0cf26ad97e8b40b5d624c3ce,Engelsea Pizza and Cafe,,,,,,
89a5ce4546e3416642b6df4a,Freshslice Pizza,,,,,,
4c773251f2473704719c65eb,Sylvia's Bar,0.9188780260707636,2.0,7.7,38.0,20.0,10.0
52ae4f3c11d227ba4f4b055a,Indian Roti Kitchen,0.8903825263811297,2.0,8.2,3.0,33.0,11.0
4aa82865f964a520b34f20e3,Tropika Malaysian & Thai Cuisine 星馬印,0.947179546865301,2.0,6.3,48.0,39.0,15.0
4c47a56896abd13a8eb47101,New Sun Restaurant,0.9191883923029176,1.0,,,,
5e1e5c46568f980008a9fad9,Iden & Quan Ju de Beijing Duck House,0.9358899751707014,1.0,,,,
89795ebbd0664afe36d82fe9,Tropika on Cambie,,,,,,
13d33468ef3247459f0214b8,Malaysian & Thai Cuisine,,,,,,
5851f5b5297c16529dd5cf93,Peaked Pies,0.966441651148355,,8.5,34.0,33.0,10.0
4aa97328f964a520b45320e3,Joe's Grill,0.9170546244568591,1.0,8.1,40.0,71.0,23.0
52af9df1498e9ed2ad4ad500,Cafe Phin,0.4870034140285537,2.0,7.1,11.0,27.0,8.0
58fe81bfc9f9076bbbf5bfa1,A&W Restaurant,0.9300512104283054,1.0,6.9,5.0,5.0,1.0
4aa97604f964a520c65320e3,Olympia Restaurant,0.9401769087523276,2.0,6.4,33.0,34.0,22.0
5968495bbcbf7a5c8a65f56d,Tim Hortons,0.9747051520794536,1.0,6.5,38.0,9.0,1.0
5afe50e7aa6c95002caf3675,Mitbit,0.8421399751707014,2.0,,,,
5f7a1ff398df6d72aa1bcfce,Ongba Vietnamese Eatery,0.8508690254500311,2.0,,,,
4ad6701ef964a520300721e3,Panago Pizza Inc,0.8406463376784605,1.0,,,,
58132714307142b449ce39da,Hunky Bill's House of Perogies,,,,,,
4dbb17935da3ff58ec28adc9,Tableau Bar Bistro,0.9824449099937926,3.0,7.9,204.0,146.0,54.0
4aafd980f964a520e86420e3,Green Leaf Salad Bar,0.855330540037244,2.0,7.3,11.0,24.0,10.0
5929eeabc21cb17f3424a0bf,Yui Japanese Bistro,0.9167636561142148,2.0,7.8,10.0,8.0,3.0
582655cc2db9f34c9dba2e7a,A&W Restaurant,0.9622323091247672,1.0,6.8,13.0,5.0,3.0
4aa7e4ebf964a520e84d20e3,Waves Coffee House,0.8641371818746121,1.0,6.2,54.0,38.0,14.0
4aa81513f964a5202e4f20e3,Sushi Go,0.8266604593420236,2.0,5.6,14.0,19.0,5.0
4c23a8f3f1272d7f67c981c5,Time Out Cafe,0.9143777157045312,1.0,,,,
4aa9a524f964a520ae5420e3,Rogue Kitchen & Wetbar,0.9909605834885165,2.0,7.7,372.0,283.0,80.0
5b29b2bafe63bd002c253c49,Chronic Tacos,0.9474705152079452,1.0,7.7,6.0,9.0,1.0
4acced76f964a52015ca20e3,Kita No Donburi,0.9705152079453756,2.0,7.3,124.0,56.0,16.0
4beb024e6295c9b62d298708,Japadog - Waterfront Skytrain Station,0.8092411545623837,1.0,7.1,68.0,37.0,7.0
4ad50d9cf964a520870121e3,Subway,0.7620654872749845,1.0,6.4,15.0,6.0,4.0
62e7f57d8cd81b5c81e2ab56,Deville Coffee,0.8829725325884544,1.0,,,,
4d5c2eea524fa35d96c14635,A&W Restaurant,0.9948595592799504,1.0,6.0,64.0,76.0,11.0
631524736d69783691fe4bd6,Hellcrust Pizza,0.3665813159528243,1.0,,,,
4cd418ab5fffa090f2570afb,Spencers,0.1825729360645561,3.0,,,,
5e2254e52fd72200079a4346,Stock & Supply,0.9645794537554314,2.0,,,,
2186c30c251548c83b1cb4e7,Jugo Juice,,,,,,
dbd91e31968545548e0c6633,Steamworks Brewing Co,,,,,,
56f700b3498ef05dcb4d26c5,Elysian Coffee,0.9723580074487896,1.0,7.5,38.0,77.0,20.0
588bcc59dfa6ff720232a082,Burgoo,0.9619025450031036,,6.8,19.0,29.0,6.0
4c22e99a9a67a5939a53dd87,Cafe One,0.9534062693978896,3.0,7.2,16.0,15.0,5.0
4b43b70af964a52068e725e3,Subway,0.9501668218497828,1.0,6.1,5.0,9.0,5.0
63222078ac1af96c13dc9bd9,Fat Mao Noodles Downtown,0.9229903786468032,2.0,,,,
4aca0ebff964a52058c020e3,Tokyo Joe's,0.962348696461825,2.0,5.5,3.0,12.0,6.0
aa7f263d9ed44019a6b91fcb,MrBeast Burger,,,,,,
4ba3aa38f964a520bc5138e3,De Dutch Restaurant,0.8860373991309746,1.0,5.3,25.0,24.0,6.0
61984db7275c58364370f332,Ça Marche Crêperie,0.944366852886406,,,,,
737444891c7a40c486fcf764,Autostrada Vancouver House,,,,,,
539cfd6f498e2eba5818d2e7,Pizzeria Bufala,0.9435715394165116,1.0,8.0,46.0,37.0,13.0
4b5f6cd8f964a52090b929e3,White Spot,0.965471756672874,2.0,7.5,36.0,26.0,9.0
5b01f0df16fa04003926d021,Comebuy - Kerrisdale,0.488012104283054,,,,,
f2e09665c70a43b3fd3ec160,Allison MacDonald,,,,,,
4ac59991f964a5205bb220e3,Kaide Sushi Bar,0.9215355369335816,2.0,8.8,33.0,64.0,19.0
4ad60ac2f964a520b60421e3,Trees Organic Coffee,0.934124767225326,1.0,7.0,39.0,58.0,15.0
61e4d59aff3f2063e46c4b83,Ji Box Chicken,0.8200457790192427,1.0,,,,
50135fe6e4b0ad6ab24d7c84,Tacofino Commissary,0.9816689944134078,2.0,9.0,274.0,185.0,46.0
4e5c48f845dd045aab4d05c0,Sushi Nanaimo,0.9649480136561144,2.0,8.3,86.0,150.0,22.0
4ba6f3aef964a520827939e3,Subway,0.9696229050279328,1.0,6.4,,0.0,0.0
4b60ad09f964a52088f329e3,Domino's Pizza,0.9466945996275604,1.0,,,,
5ad2551b249623753f85ffb3,Dundas Eat + Drink,0.9632797951582868,2.0,,,,
4ae7afb2f964a52058ad21e3,Landmark Hotpot House,0.9671787709497208,1.0,7.2,76.0,48.0,9.0
5bfaf557d1a402002c3c369a,Tim Hortons,0.9883030726256984,1.0,5.9,4.0,4.0,2.0
55b2fcbf498e0dc05d4ccbea,Kosoo Restaurant,0.967624922408442,2.0,7.7,31.0,34.0,6.0
4aa97571f964a520c25320e3,Blenz Coffee,0.9402932960893856,1.0,8.1,34.0,104.0,9.0
4ad687d0f964a520aa0721e3,Sura,0.966499844816884,2.0,8.9,199.0,291.0,35.0
4d6f25d2b73bb1f7880aa772,Zabu Chicken,0.9454337368094352,1.0,6.4,87.0,81.0,22.0
571acef5498ef2ba25307bd9,Chongqing Liuyishou HotPot Restaurant,0.9243094351334574,,6.2,21.0,10.0,3.0
5e66f3f8b8d4ed00070197c6,Nine Dumplings,0.8944560831781502,1.0,,,,
5cbb8311c824ae002cf86a39,Namsan,0.908247982619491,2.0,,,,
625f10ed1c8b0f5cb3fe9c3e,Cheetah Meal,0.9155997827436376,2.0,,,,
4aa75ceaf964a520c84c20e3,Freshslice Pizza,0.8183969584109249,1.0,,,,
5c5b6e54f8cbd4002c33e40e,Al-Hadbah Donair,0.8440021725636251,2.0,,,,
6136bbd4c1a9d734187875d2,Pho 37,0.951136716325264,2.0,,,,
5f03ce675bc6ee4ba983d6fc,Gyusen,0.7841014897579144,2.0,,,,
61fc76a431e87873269595dd,Nukid,0.9539106145251396,1.0,,,,
5e1293349316a70007d7192c,Pokerrito,0.8371547175667288,,,,,
565a8110498ecb54a43d894e,Hongdae Pocha Cafe,0.9545895406579764,2.0,,,,
5b9da7927b385f002c9cca91,Ta Bom Korean Cuisine,0.9592644320297952,2.0,,,,
4cb922cd035d236a2435d24e,Book Kyung Ban Jeoum,0.8570957479826194,2.0,5.3,62.0,36.0,8.0
5da685f691051100084a75b5,Bob Pochana Restaurant Inc,0.7578755431409062,2.0,,,,
56776609498ec86115dc37e9,Chewy Peppers,0.1129345127250155,2.0,,,,
5bcabee9e65d0c003953502b,Old Xian Food's,0.8045856610800745,1.0,,,,
ae2c32cf255844b256819569,Mori Japanese Food,,,,,,
58ecd59815144e3003124797,Robson St,,,,,,
2f31389ec4d846758c6696db,ChewyPeppers,,,,,,
f2f7172925724365c6a697a2,Kosetsu,,,,,,
509ffdfee4b0f56d61d68a87,Commercial Street Cafe,0.953639044072005,1.0,8.6,53.0,25.0,7.0
61439820005885463d8ffbfd,Collective Goods,0.967411545623836,,,,,
4f52e6fbe4b0639bb9d59510,Casa Verde Restaurant Ltd,0.815933426443203,2.0,,,,
d713624d971043761cae3734,Sumi Korean Restaurant,,,,,,
55515c40498e96daea31c933,Giardino Restaurant,0.948052451893234,2.0,6.9,16.0,27.0,3.0
3e2c90924eaa41aaceb745d9,Prime Restaurant Canada Inc,,,,,,
b7958cc4f9da459bd62f53b2,Sato Sushi,,,,,,
4abea310f964a520ff8e20e3,Pourhouse Restaurant,0.9595747982619492,2.0,8.7,330.0,379.0,117.0
4bb3f20af187a593b1b113f8,Al Porto Ristorante,0.945802296710118,3.0,8.2,92.0,136.0,25.0
4aa73706f964a5204f4c20e3,Black Frog Eatery,0.9635707635009312,2.0,7.2,140.0,136.0,41.0
4aa736a3f964a5204e4c20e3,Water St Cafe,0.940991620111732,3.0,7.3,88.0,69.0,31.0
4b392749f964a5204a5725e3,Trees Organic Coffee,0.9376745810055864,1.0,7.2,133.0,80.0,29.0
4f7371cde4b02c6aef5df0ba,Silvestre Gusto Latino,0.8318396958410925,2.0,6.0,50.0,42.0,26.0
5c233121336273003973e1fa,Bēkon Loft + Lounge,0.0344118559900682,2.0,,,,
5824e1c32a4e2b39f9bf8c7f,The Poke Shop,0.4564323401613904,,,,,
de6ff59a3e464f230ff12166,Yummy Interactive Inc,,,,,,
ca622fffd8284ea77a16092b,Silvestre Deli & Bistro,,,,,,
c593631c04e74dc72ae0c290,Glowbal Group,,,,,,
524646a411d25e42600a0877,Pizzeria Ludica,0.9701078522656736,1.0,8.3,61.0,76.0,19.0
58cc669444587f4e79b47238,PappaRoti,0.9482852265673496,1.0,7.4,8.0,9.0,3.0
5047a644e4b0eb12ab776f1b,Sushi Den,0.919518156424581,2.0,6.9,56.0,96.0,23.0
4cc6a9ccd43ba143571675f8,Uncle Fatih's Pizza,0.974336592178771,1.0,6.5,24.0,35.0,9.0
4cc6aa3882388cfa391c7d35,Freshslice Pizza,0.9771686840471756,1.0,6.3,9.0,17.0,5.0
59d6f43ba423620b885aad77,Charisma Cafe & Dessert House,0.9391100248292986,1.0,,,,
4d3a1bcc6de7721eff25eb49,Blenz Coffee,0.9491387337057728,1.0,5.4,38.0,46.0,15.0
52f6b20711d2fdace445bb48,Qieu Cafe Inc,0.7892031346989448,2.0,,,,
50eb580cd63e1fd33307452f,Subway,0.9298766294227188,1.0,5.7,8.0,17.0,3.0
5b64a1f312c8f0002ce06b32,Kanzo Sushi,0.8758729050279329,2.0,,,,
61f5b03787001436dbdfca59,Wabukuro,0.8546128181253879,2.0,,,,
570d818c498e02855927a56c,Wow Thai Food,0.3381440099317194,2.0,,,,
ceaa3b148a344b1a17c5e8be,Hoduya,,,,,,
fc1b91e072fe469b4d4a00fe,TAKO - Taqueria Korean,,,,,,
4b77ba28f964a52064a82ee3,Keefer Bar,0.9778088144009932,3.0,8.9,231.0,229.0,59.0
4b513a38f964a5200b4827e3,Bao Bei,0.9450069832402236,2.0,8.9,275.0,417.0,84.0
4b48dc96f964a5208d5a26e3,Gold Stone Bakery & Restaurant,0.8606261638733705,1.0,6.8,75.0,43.0,16.0
4aac7e9af964a520235e20e3,Floata Seafood Restaurant 富大海鮮酒家,0.9827164804469274,1.0,6.2,118.0,71.0,13.0
29d74056c36a4962b9281b45,Explorasian,,,,,,
5ca1d44fcf9141becad5b1e5,Floata Seafood Restaurant,,,,,,
7ea8431380f24249bf15ff3a,Floata Seafood Restaurant,,,,,,
50c9369de4b0e4eafac99a81,Chipotle Mexican Grill,0.9882642768466792,2.0,8.3,296.0,357.0,58.0
51742960498e908f74206e41,Five Guys Burgers & Fries,0.9821539416511484,2.0,8.3,240.0,394.0,44.0
573b2c2e38faeff59fd2ba1e,Bistro Verde,0.9915425201738052,1.0,7.0,51.0,47.0,11.0
4f84f7e677169e48de22e5b4,Freshslice Pizza,0.9332712600869024,1.0,6.3,13.0,15.0,2.0
4adfc070f964a520377d21e3,Cafe Crepe,0.8826039726877716,2.0,6.2,81.0,76.0,19.0
4e94a4cf93ad0ca7b07c1a4d,Mom's Grilled Cheese Truck,0.897850713842334,1.0,7.7,140.0,58.0,14.0
4ab4257cf964a520127020e3,Lennox Pub,0.9700496585971446,1.0,6.2,109.0,121.0,29.0
4bf8e1a04a67c928a32226cf,816 Entertainment Inc,0.2246663563004345,,,,,
4aa84621f964a5208e5020e3,Taf's Cafe,0.7905027932960894,1.0,5.4,15.0,16.0,8.0
58f67279e1f0aa0a2b981d73,Chachi's,0.7839463066418374,1.0,,,,
4b1c9777f964a5209b0824e3,Burger King,0.9772656734947238,1.0,5.2,171.0,40.0,10.0
62185471e15398310a155943,Jollibee,0.9941030415890753,2.0,,,,
b333420dea7a473cc6a97bcf,Burger King,,,,,,
6be651de75c74c5d662f11cc,Quiznos,,,,,,
6e646121cdfd426f4f740be7,Old Bailiff,,,,,,
5ce1a82d2a7ab6002b5398fc,Passione Gelato,0.9763151769087524,,8.3,6.0,11.0,2.0
4aaabe01f964a5202b5720e3,Fresh Take-Out Japanese,0.9313314711359404,2.0,7.5,21.0,46.0,22.0
568f04cc498e96ff712718a8,On Yogurt,0.8461165425201738,1.0,6.5,23.0,12.0,3.0
5a40908832b61d131d556e90,BC Kitchen,0.9451621663563003,3.0,,,,
5d9e6f08f8afa70007d7d509,Lotus Whiskey Tea Lounge,0.9451233705772812,3.0,,,,
5cb26e5b180b91002cf6c92e,Le Cassis Patisserie & Cooking School,0.1935909373060211,,,,,
5d3b5874d7233d0008793295,Le Doux Ciel,0.9062112042209808,1.0,,,,
4aa950f2f964a5200d5320e3,Siegel's Bagels,0.9797486033519552,1.0,8.5,149.0,154.0,39.0
4aad935df964a520e96020e3,Corduroy,0.8414028553693358,2.0,8.3,38.0,45.0,17.0
4bd33deca8b3a5935075695f,Juliet's Cafe,0.8950186219739292,1.0,7.6,25.0,14.0,8.0
5303dae7498e5d1cb5b692ed,Al Basha,0.9011677529484792,1.0,7.2,4.0,15.0,5.0
4abea9f5f964a5202f8f20e3,Panne Rizo,0.825768156424581,1.0,7.1,11.0,10.0,3.0
5f3ca62a05559a212bb10681,Pizza Pizza,0.7731610800744879,1.0,6.2,,1.0,
4aaada50f964a520b95720e3,Bean Around the World Coffees,0.8949022346368715,1.0,6.8,47.0,29.0,21.0
4ac3e749f964a520669d20e3,Triple O's,0.9184512725015518,1.0,5.7,28.0,24.0,9.0
4aa6b91bf964a520cf4a20e3,Vera's Burger Shack,0.8973657666045934,2.0,5.8,24.0,20.0,8.0
5bcf73f92db4a9002ce15b9c,Cantina Pana,0.6509931719428926,1.0,,,,
6029daee0e6d761a9bb8bdcd,Moltan Roll Bar and Sake,0.9333294537554314,2.0,,,,
5aa6d80b2955137d5d55dd1c,Pitchfork,0.3424503414028553,2.0,,,,
62a61aaba5a3fa1939883b92,Kits Beach Beer Tap House,0.2016992551210428,,,,,
c4387ea9f8014908e037b20c,Pitchfork Restaurant,,,,,,
4aa839aef964a520385020e3,Afghan Horsemen Restaurant,0.9149014587212912,2.0,7.7,66.0,55.0,15.0
4d4ccdbefe7fb1f765495542,Bistro 101,0.8566495965238982,2.0,6.9,47.0,20.0,8.0
62420c3e68a11571a6be8fb8,Straight Outta Brooklyn,0.9171904096834264,1.0,,,,
5cf4eb74cabcff002c2ef9b3,Blue Hat Bistro,0.924891371818746,2.0,,,,
61dd5d41f1e33e0a8540066b,Cofu Pressed Sushi,0.94262104283054,2.0,,,,
4ac379f4f964a520729b20e3,Paul's Place Restaurant & Omelettery,0.9398471446306642,1.0,8.6,112.0,176.0,41.0
63110083a53d9d13225c47d1,True NOSH,0.8498797330850404,2.0,,,,
52e3117c498e80bce38c3c3b,SushiVan,0.9618055555555556,2.0,7.7,13.0,34.0,7.0
4aa6ab95f964a520974a20e3,Cactus Club Cafe West Broadway,0.9663640595903166,2.0,7.4,86.0,73.0,16.0
4b0c9da8f964a520314023e3,The Marquis,0.909741620111732,2.0,6.2,79.0,49.0,18.0
be4716e2c16c42c98fedab2a,Real-Vancouver.com,,,,,,
5a262b3ca6031c4b2e17b288,Bin 4 Burger Lounge,0.97131052141527,1.0,7.5,28.0,29.0,7.0
52a2824611d291de6b8ad536,Stable House Bistro,0.941748137802607,2.0,7.6,44.0,22.0,3.0
4aa98d22f964a520375420e3,Caffe Barney,0.9233007448789572,2.0,6.6,53.0,51.0,22.0
4d12c84a0ad2f04d420baf54,Tratorria Italian Kitchen,0.7664494103041589,2.0,,,,
4ae7284ff964a520f4a821e3,Bean Around the World Coffees,0.8643117628801986,1.0,5.7,9.0,12.0,9.0
4ac7e776f964a5207aba20e3,Phoscao Cafe,0.8125,1.0,5.4,16.0,14.0,6.0
84dc77712ccd4fc92a37869f,Shabusen,,,,,,
d38a83baff014c87f48a4d17,Meinhardts,,,,,,
4c75baefdb52b1f7c5b979dc,Caffe Cittadella,0.9618443513345748,2.0,8.3,137.0,80.0,27.0
4aa843e0f964a5207f5020e3,Cactus Club Cafe Broadway + Ash,0.9753840782122905,3.0,7.4,103.0,94.0,34.0
4b16d55ff964a5201dbe23e3,Ebisu on Broadway,0.9325729360645562,2.0,6.6,24.0,38.0,14.0
5aecb62e947c050039251eea,Tractor,0.9368986654252016,1.0,,,,
370fd338f04b4d28624a0c24,Cactus Club Cafe,,,,,,
bc783068835d45254ca5d375,Kamei Sushi Japanese Rstrnt,,,,,,
5bc1abd55502495099af78d0,Cafe 86,,,,,,
b3f2067af9fe438413d8d0af,Opa Souvlaki,,,,,,
57e6d0a2498e8d223bc2af56,Passion8 Dessert Cafe,0.9253375232774674,1.0,7.6,28.0,31.0,5.0
4af0ca31f964a52035df21e3,The Firewood Cafe,0.9255896958410924,1.0,7.3,8.0,8.0,3.0
4bc2aa604cdfc9b6a9749621,Hot Delivery Chinese Food,0.809532122905028,2.0,,,,
6194486bcfc5a57be287e71f,Chirpyhut Fried Chicken,0.8505974549968963,1.0,,,,
5b7882e95455b2002c6abf1c,Pure Bread,0.952513966480447,1.0,8.4,13.0,21.0,4.0
5bcacf35364d97002cae03a0,Tacofino Ocho,0.9591286468032278,1.0,7.8,27.0,21.0,5.0
5158c39fe4b03dbb60d52ad6,Peaceful Restaurant,0.811530105524519,1.0,7.8,67.0,72.0,19.0
61c2341b7c4aea191063dcdc,Blaze Gourmet Burgers,0.946306641837368,1.0,,,,
4c303a7d3ffc9521f4c28ff5,Kafka Coffee,0.8752715704531348,2.0,8.4,203.0,234.0,44.0
53c4959b498ebad0cc0cdfb4,The Federal Store,0.9628724394785848,,8.3,25.0,24.0,8.0
5aa23c3c012358676d8b1aca,Tocador,0.9383923029174426,2.0,8.0,17.0,12.0,4.0
5a89002646e1b667d127e5c1,La Taqueria,0.7183232464307884,1.0,7.8,11.0,26.0,8.0
4aa7d352f964a520684d20e3,Caffe Barney,0.858298417132216,2.0,5.9,52.0,40.0,20.0
5c6fc0c3446ea60037c21fd9,Billy Button Dessert Bar,0.3884621353196772,1.0,,,,
562d9634498e9070323fd473,Cafe Phuong Truc,0.8019087523277467,2.0,,,,
b501a5ce8a144f8d8c32920a,Fami Pho,,,,,,
4c1fcb2db4e62d7f252fe093,Romer's Burger Bar,0.9660730912476724,2.0,8.8,171.0,260.0,73.0
527febfe11d2a397c8945a9a,Rain or Shine Ice Cream,0.9674891371818746,3.0,8.9,182.0,196.0,50.0
4f8214cde4b0c7b856b78366,Fable,0.925356921166977,2.0,9.0,238.0,264.0,47.0
4aaaa863f964a520d05620e3,Maenam,0.8926908752327747,2.0,8.3,74.0,110.0,34.0
58c999231174200c2f0a3cf5,The Hoke Poke,0.845340626939789,,8.6,9.0,78.0,4.0
4aac1cf4f964a520565c20e3,Noodlebox,0.894669459962756,2.0,7.6,73.0,88.0,29.0
4aa8661bf964a5201f5120e3,Trattoria Italian Kitchen,0.9656463376784604,3.0,7.3,134.0,125.0,53.0
5d9bf11da74b8d0008d8e4c5,Tacofino Kits Burrito Bar,0.9581005586592178,1.0,,,,
5cdc801a67af3a002c8871f3,The Pie Hole,0.9599239602731224,,,,,
5be7ba0435d3fc002c48ef9a,Best Falafel,0.8247400682805711,1.0,,,,
587ed07d6cda1c63dd82bdaa,Chi,0.8709070453134699,2.0,,,,
5ac2fec1a879211b2f8f8e98,RedBeef Noodle Kitchen,0.9340277777777778,,,,,
59bda9970531e83b964183b0,Chi Modern Vietnamese Kitchen,0.4491969273743016,2.0,,,,
5759cbdc498e70af14475a86,Freshii,0.7890673494723774,1.0,,,,
388d19f52b0e4dc8323aa96c,The Noodle Box,,,,,,
f07001cf36f24724e90c52bf,Trattoria Kitchen,,,,,,
377dde0a7e2842e30ddcfde3,Trattoria,,,,,,
56e71692498e78e8143f679d,Tacofino,0.9620577281191808,1.0,8.7,30.0,92.0,23.0
4aa7d47ff964a520714d20e3,The Keg Steakhouse + Bar - Yaletown,0.981707790192427,3.0,8.6,246.0,272.0,59.0
5af8880a838e59002ce2d728,Angus T,0.954298572315332,1.0,8.6,43.0,22.0,5.0
518c4efa498e10ebaba29413,West Oak,0.955792209807573,2.0,7.3,116.0,84.0,17.0
4eacd4d2775bad292f2f5189,Pierre's Champagne Lounge,0.8020057417752948,3.0,7.0,25.0,13.0,4.0
4aa94391f964a520c05220e3,Subway,0.8592295158286778,1.0,6.2,8.0,16.0,1.0
551af7be498e3ed18d7107de,The Greek by Anatoli,0.9616503724394786,2.0,6.6,25.0,46.0,14.0
5f3c94414f388b0d484e44a6,Copper Branch,0.9130392613283674,2.0,,,,
62463f7a6993f17469d289ee,Moltaqa,0.8322470515207946,2.0,,,,
5db90dd3a53fc80008bd246b,Bartholomew's Plan,0.928227808814401,3.0,,,,
4b7f2952f964a520621b30e3,Resto Bar & Grill,0.4219040968342644,2.0,,,,
facc377b03204fccdd8c646b,Moroccan Restaurants Corp,,,,,,
55d27a07ddd2459d97f17507,Melriches Coffeehouse,,,,,,
8bd33a37dc04413619853df2,North by Norte Enterprises Ltd,,,,,,
bbe7d78189e442a16772a91b,El Guapo,,,,,,
5276c109498e8f46e1c7296a,24 Train Express Noodle House,0.936530105524519,2.0,6.6,18.0,37.0,14.0
61c3872907094d8a9794afe2,Bulldog Cafe,,,,,,
e4f014be323f4311728f5d94,Pho Mien Tay Vietnamese Restaurant Ltd,,,,,,
a9a415f9d90b415160f46f0b,Richards on Richards Cabaret,,,,,,
4d1c6d33d9824641e66a2c7d,Gold Train Express II,,,,,,
dc7c2d6768f34130f304301b,Lupo Restaurant Yaletown,,,,,,
4bf46300706e20a13349a998,Subway,0.8373292985723153,1.0,6.2,,3.0,1.0
53b98fd3498e06cf1e6ef4d2,"Chantell's Beer, Wine & Cocktails",0.1577630353817504,3.0,,,,
4c05d5ec761ac9b6fc2a2074,Calabash Bistro,0.9815914028553694,2.0,8.2,111.0,107.0,45.0
4fae01d3e4b0861eac7a985a,Pidgin,0.9505353817504656,3.0,8.5,236.0,140.0,37.0
5f553af38e395e7714c55707,Kouign Cafe,0.9343575418994412,1.0,,,,
a51e63ffaeed4a52f1e073f1,Earl's Restaurants,,,,,,
b00c93f75db74c2372334b43,Cartems Donuterie,,,,,,
0862947ad88d4eed8caedb96,Dodson Rooms on Hastings,,,,,,
d77405179b737052e7c0e4c6,Pizza Pizza,,,,,,
4d2cce46ae3a8cfa4067bf70,Hawksworth Restaurant,0.986266294227188,4.0,8.9,401.0,270.0,66.0
553bdde9498e4eca654a36d3,Notch8 Restaurant,0.9926869956548728,2.0,8.1,58.0,61.0,11.0
5e2cbbcd1341aa000793b7f0,1931 Gallery Bistro,0.9197121353196772,,,,,
50ef23afe4b04e0d11da9edd,Afternoon Tea at Fairmont Hotel Vancouver,0.9439788950962136,2.0,,,,
4bbbbfe02d9ea59370d79fce,Honey's Buns,0.1102576039726877,1.0,,,,
817a747515b144c095905240,Herons Restaurant & Lounge,,,,,,
e6f7b0f5002b41f224d5b30e,900 West Lounge & Wine Bar,,,,,,
1f9a4b7a3a5f4027f7508328,Fairmont Gold Lounge,,,,,,
a502f40ac3014d4d286571eb,Feastro,,,,,,
51b201d27dd249ae714ba728,33 Acres Brewing Co,0.9571888578522656,2.0,9.2,591.0,568.0,75.0
5478ca03498e3bbc45e6ce54,Elysian Coffee,0.9481882371198014,1.0,8.9,70.0,71.0,12.0
50ef41f7e4b016fee4a9c3fe,Broadway Indochine Kitchen + Bar,0.333604903786468,1.0,,,,
4fbbcacd30cb4eee1005e5c9,Vera's Burger Shack,,,,,,
4aada5a2f964a520236120e3,The Wicklow Pub,0.9939465095287344,1.0,7.4,96.0,83.0,25.0
53eee0b9498e381a6c7eaa98,Mahony & Sons,0.9942757759476925,,7.3,95.0,84.0,20.0
4b2884d6f964a520c79324e3,Branas Mediterranean Grill,0.9899858813440784,3.0,7.2,18.0,20.0,6.0
7710fffc00ff4d7589b911ee,Stamps Landing Neighborhood,,,,,,
9f0dec8477884d4afd0a4d30,Level Restaurant & Lounge,,,,,,
8f8c48b0241e4a429d7c876a,"Branas Restaurant: manger, boire, restaurer, diner, déjeuner Ltd",,,,,,
550500d6498e843f63843a8a,AnnaLena,0.9436297330850404,2.0,8.6,68.0,75.0,15.0
4abed640f964a5202f9020e3,Rocky Mountain Flatbread Co,0.892826660459342,1.0,8.1,55.0,69.0,26.0
51096d38e4b039faa3d0df47,Koko Monk Chocolates,0.844467721911856,1.0,6.9,24.0,15.0,7.0
44a41ff300a742036a1183bf,Arbutus Coffee & Real Food Market,,,,,,
5bb278fba2a6ce002c88a4eb,Johnny Rockets,0.8863671632526381,1.0,,,,
bfd36040a5fa4d40e9cf98c1,Yu Shang Hot Pot,,,,,,
50498cc6e4b0982c45215a43,Tim Hortons,0.8484054934823091,,,,,
543ffaa5498e1016918872cf,Keg Steakhouse & Bar - Thurlow Keg,0.9591092489137182,2.0,7.9,95.0,61.0,11.0
4c88f79f97828cfad822a0aa,A&W Restaurant,0.9614951893234016,1.0,6.5,95.0,16.0,5.0
53bf6aa3498e4815fa520196,Subway,0.6033907510862818,1.0,6.6,7.0,2.0,
60c2d2dd590f1b018a0d3ea4,Miantiao,0.3771531657355679,2.0,,,,
61ab03959f036e7986eda3ff,Carlino Restaurant,0.95235878336437,2.0,,,,
5b0c270cad1789002c3bf54b,Burrito Room,0.2792908131595282,1.0,,,,
59330b94e185f327ff54c37c,Neptune Chinese Kitchen,0.819366852886406,1.0,5.0,14.0,8.0,1.0
6291cc2ec27d1c5140bc6ab5,Karma Lounge,0.8575806952203601,3.0,,,,
b2884dbee16e480e808b0bcd,Lobby Lounge,,,,,,
5853bad17c13480629767736,49th Parallel Coffee Roasters Cafe,,,,,,
5f4f31a414c44f7e85a651f0,Aki Restaurants Ltd,,,,,,
5119b99ee4b059beca1dbdc3,Cazba Restaurant,0.952669149596524,2.0,7.7,132.0,127.0,23.0
4ad9279af964a520a31821e3,Takis Taverna,0.8972105834885165,2.0,7.5,19.0,43.0,17.0
4abc5e72f964a520148720e3,Stepho's Souvlaki Greek Taverna,0.9600015518311608,2.0,7.7,264.0,269.0,101.0
4ab8356ff964a5208f7c20e3,Thai Basil Restaurant,0.9698168839230292,1.0,7.7,74.0,62.0,27.0
4b9424cef964a520fa6a34e3,Transylvanian Traditions Bakery,0.8849705152079453,1.0,7.2,33.0,16.0,8.0
4ac6bae0f964a5200eb620e3,Samurai Japanese Restaurant,0.964501862197393,2.0,7.1,149.0,156.0,49.0
5443098f498ec84e42f27c6a,Los Amigos Taqueria,0.9635125698324022,1.0,7.1,18.0,31.0,11.0
4be4ad0dcf200f471156123c,Megabite Pizza,0.8060792985723153,1.0,6.7,8.0,17.0,6.0
4f29e4d7e4b02271ae59de77,Fatburger,0.9453173494723774,1.0,6.4,24.0,28.0,7.0
51204c1fe4b0d2f618776633,Apgujung,0.4820957479826195,2.0,,,,
5c944c11a9e402002c3c1e0c,Best Bite Donair,0.8791511483550589,2.0,,,,
5f45dce816ac651908635457,Pokébar,0.6629034761018001,,,,,
5d958ce7cf82720007fb0291,Beetbox,0.9278010552451892,2.0,,,,
2a0cdfb2c3de49b32d14520b,Kamiya Sushi to Go,,,,,,
b9a135bc151b4dfdc14a5749,Rendezvous Pizza,,,,,,
605cec93645e404853380395,Poke Bar,,,,,,
54c074fa498e4624306b462e,Corduroy Pie Co,0.8536235257603972,1.0,8.4,15.0,18.0,4.0
4aa6b094f964a520ad4a20e3,JJ Bean Coffee Roasters,0.9568784916201116,2.0,7.6,146.0,103.0,31.0
4fb6cb56e4b04335c6dfbe0a,49th Parallel Coffee Roast,0.9833566108007448,2.0,8.7,892.0,625.0,126.0
4aa6ae76f964a520a24a20e3,Burgoo Bistro Main St,0.9649092178770948,2.0,8.4,185.0,292.0,73.0
56170a0b498e26e1cc61f3b0,Uncle Abe's,0.944269863438858,3.0,7.4,5.0,21.0,7.0
4ac92cb6f964a52001bf20e3,Cobs Bread,0.9251435443823712,1.0,7.3,1.0,12.0,3.0
56c1111fcd109d4ce71f5095,Pho Goodness,0.9422912787088764,2.0,7.5,12.0,15.0,1.0
55416137498e0d288b76b9e7,Colony Bar Main Street,0.925919459962756,2.0,7.3,28.0,28.0,3.0
4aaaf261f964a520385820e3,Papa's Gourmet Pizza Ltd,0.8052645872129113,1.0,6.9,7.0,9.0,8.0
4ab3dc46f964a520ca6e20e3,Joe's Grill,0.8492783985102421,2.0,7.7,55.0,103.0,40.0
612a61346f20c75a0bd63f22,Forecast Coffee,0.94877017380509,1.0,,,,
4ab6a3fbf964a5205d7820e3,Mitra Canteen,0.9072392923649908,2.0,,,,
4aa6b9c6f964a520d34a20e3,Vera's Burger Shack,0.90625,2.0,5.8,16.0,18.0,9.0
56d2143ccd10a99384eccec8,Pizza Garden,0.9212833643699564,1.0,,,,
4aa57ee4f964a5209b4820e3,Panago Pizza Inc,0.8162049968963376,1.0,,,,
5ce9e62b3731ee002c34bd98,Kaori Izakaya,0.8984714463066419,2.0,,,,
5cb297085bc27d002574e694,Seiza,0.932786312849162,2.0,,,,
5d95968647cc9a00081f427b,Planetary Burger,0.8671244568590938,2.0,,,,
a7beae7d87a24edc3e7d8834,Hyde Restaurant & Lounge,,,,,,
91e8da97d4204da26059c7e4,Seiza Japanese Cuisine,,,,,,
40b1eb7aec204e7b693872cc,Lucky's Doughnuts,,,,,,
bb1fd8464b2f46c816eb92b5,Burgoo Bistro,,,,,,
4cf4597acc61a35d1324259e,Toptable Group,0.2207867783985102,,,,,
497dacca8ca9476c70f8644b,Alpha Global Sushi & Bar,,,,,,
554d16bf498e79a568da04de,Ramen Danbo,0.974491775294848,1.0,8.1,114.0,96.0,12.0
4c01b1a4716bc9b69a58bc55,Pizza Hut,0.817931409062694,1.0,6.4,2.0,1.0,0.0
5e17e61f28257000084b3773,Mi Casa Mexicana,0.9594390130353816,1.0,,,,
4d70147a27316ea83a30b9aa,The Bibo,0.7857697082557418,2.0,5.7,53.0,33.0,17.0
57479d2c498e0cddb26315f7,Ajiya Sushi,0.8991697703289883,2.0,,,,
816e821ad8654473d70b1501,Sushi Bar,,,,,,
8a3e1fa42ded4d198f2236ee,Trattoria Kitsilano,,,,,,
4656af852cc54950df68f8cc,Japanese Restaurant Toto Ya,,,,,,
092550dff3d74086df5a358f,Caffe Millenia,,,,,,
54d6dcdf498efaeaed8dc8d0,Carlos O'Bryan's Pub,0.9376357852265672,,6.9,19.0,27.0,7.0
5759d270498e2922f1ad18b3,Babito Souvlaki & Greek Taverna,0.1931253879577902,,,,,
5c8d886ab25fee002cf99a9d,Unchai Thai Restaurant,0.9406618559900682,2.0,,,,
54a86309498e18f46e7ee941,Brown Rice Sushi,0.565778243327126,2.0,,,,
4d8a902e7d4c548136636c71,Timkee Restaurant,0.5936530105524519,1.0,,,,
59f28edfc666666b314ccb23,Delhi6,0.9445414338919924,2.0,,,,
5dbe127ad358eb0007a61765,Gateau de Henry,0.9335816263190564,1.0,,,,
52c5d4a6498edb92ced8478a,MacFalafel,0.6737856921166977,1.0,,,,
aeca75f9e8fb49366df303d4,Delhi 6 Indian Bistro,,,,,,
c925e5c9bba746e13780b1c0,Mo's Cafe,,,,,,
4aa7f561f964a520384e20e3,Miku,0.9957324643078832,3.0,8.9,959.0,610.0,178.0
4b68d852f964a520d08f2be3,Five Sails Restaurant,0.9407006517690876,,8.4,56.0,28.0,6.0
5075f7b9f2e73b925f6431ef,FlyOver Canada,0.9983511793916822,,9.0,222.0,369.0,41.0
4ba17810f964a520b2b937e3,ARC Food + Drink,0.989951893234016,4.0,6.2,76.0,50.0,12.0
5e62bf9466f50a000749b2bd,Hula Poke Waterfront,0.1055245189323401,,,,,
4db385ee0437fa536a17a608,Pacific Club Floor,0.8058465238981999,3.0,,,,
4aa8288af964a520b44f20e3,Waterfront Centre,0.9982929857231532,,,,,
e8f6ac8e1b954cd284a954dc,ARC Restaurant,,,,,,
004af5450a624711db22fb6d,Canadian Craft Tours,,,,,,
4aa73165f964a5203b4c20e3,Alibi Room,0.9726683736809436,2.0,8.7,632.0,502.0,108.0
4aa7d2fdf964a520674d20e3,Deacon's Corner,0.9751900993171942,1.0,7.9,136.0,94.0,29.0
50d4bd11e4b0b55bb4b657a3,Beaucoup Bakery & Cafe,0.9675861266294228,2.0,9.0,377.0,347.0,95.0
6084a4cf0cccc51c8d96523a,Las Autenticas,0.8702281191806331,1.0,,,,
5fbc00e8d90bc5545327794b,Antojos y Sabores,0.8179120111731844,1.0,,,,
4d9cffc2a695721ebd2a080d,Lazy Gourmet,0.9552102731222843,2.0,,,,
5453fb6d498e366a912293d5,Au Comptoir,0.9364331160769708,3.0,8.6,61.0,46.0,4.0
5780683c498e51523ab4851b,Raisu,0.9778476101800124,2.0,9.1,143.0,128.0,10.0
4bb6483ff562ef3b59e92f97,Maria's Taverna,0.8851838919925512,2.0,8.1,2.0,11.0,4.0
4aa9a724f964a520b65420e3,Kitsilano Wine Cellar,0.8794421166977033,,6.9,9.0,12.0,6.0
4aa7d9cdf964a5209a4d20e3,Browns Socialhouse Kitsilano,0.9069289261328368,2.0,6.1,40.0,42.0,17.0
4ac4169cf964a5202b9e20e3,Hi-Nippon Japanese Restaurant,0.8193862507759155,2.0,6.4,24.0,38.0,15.0
61340bc71ef7f12ee8f1f1a2,Delara,0.9258806641837368,,,,,
5b6e27f7c66666002c32ea31,Kokomo,0.9201776846679082,2.0,,,,
c769ebe8385c440770d70a08,Romios Greek Taverna,,,,,,
4ec01a36b803bca7de649427,The Belgard Kitchen,0.97080617628802,,8.5,200.0,109.0,18.0
5358725f498ea4226bba2e18,Vancouver Urban Winery,0.8343032278088144,,8.2,45.0,33.0,9.0
53a0f495498e3252dcd46897,Postmark Brewing,0.6851722532588455,2.0,7.8,105.0,46.0,12.0
55c40e66498e739ed2c87adf,The Mackenzie Room,0.9864602731222843,2.0,8.9,26.0,38.0,7.0
4be4b33a2457a59384a4aa15,Invoke Roof,0.2682922098075729,1.0,,,,
fb7129198e904f3195e47fb0,The Settlement Building,,,,,,
cf8deb849ef44d8e858a2ed0,Pallet Coffee Roasters HQ,,,,,,
b7fec5b7b3ed41de9b33f062,Roaring Twenties Wine Co,,,,,,
c37b76049ef84628fc631a73,Fujiya Japanese Foods,,,,,,
5d0d0388a7edf80023eaf1f3,Boston Pizza,0.8192504655493482,1.0,,,,
508c2d32e4b032d8be856a72,CRAFT Beer Market Vancouver,0.9865960583488516,3.0,8.6,847.0,700.0,90.0
51f0591a498e26b88854db2f,Blenz Coffee,0.8765712290502793,1.0,7.4,19.0,12.0,3.0
5691d6c2498eaae856c925dc,Bao Down Gastropub + Raw Bar,0.8658247982619491,2.0,7.2,49.0,39.0,1.0
5024458ee4b0578fd3c5957a,Subway,0.8941651148355059,1.0,6.4,4.0,9.0,1.0
5a9335a1c62b493a333d94c8,Pho Quynh Express,0.9459380819366852,2.0,6.3,3.0,8.0,3.0
5a2b43264382ab0c1baa8ffd,Yandoux Patisserie,0.9188974239602732,1.0,,,,
554aefed498e353a3e1f30cf,Stereo Mike's,0.7047447237740534,2.0,,,,
4c2914f39fb5d13a79979a57,Tim Hortons,0.9731339230291745,1.0,7.7,26.0,97.0,7.0
4b9feb11f964a520654a37e3,Opa Souvlaki of Greece,0.8411506828057107,2.0,7.1,8.0,10.0,1.0
4ac3c9f4f964a520d49c20e3,Thai Express,0.9795352265673496,2.0,7.0,17.0,21.0,7.0
4ab2cd5cf964a520746c20e3,New York Fries - Pacific Centre,0.9822315332091868,2.0,6.3,34.0,12.0,3.0
4fa19819e4b0ab90fc87cef3,Pig on the Street,0.0529756362507759,1.0,7.6,30.0,10.0,6.0
5b25684d1543c7002c7230e9,Cacao 70 Sweet House,0.6746585971446306,1.0,,,,
4efe5201a69d45461c39ca84,Fit For Life Vancouver,0.2851489757914339,1.0,,,,
508a9546b0b93324a1f072c2,Orange Julius,0.8465820918684047,1.0,,,,
4ddacaa263653908de758dbe,La Prep Daily Fresh,0.4305167597765363,1.0,,,,
4aecadc3f964a5203aca21e3,Taco Time,0.9361227498448168,1.0,,,,
4b86efcdf964a520eca631e3,Umi Sushi Express,0.5971640285536933,2.0,,,,
5d2846ea3221cb0023997a80,Jugo Juice,0.9274324953445066,1.0,5.5,11.0,9.0,3.0
524c7f48498e1fa3f19e52e3,O Sushi,0.9568978895096214,2.0,5.1,48.0,41.0,5.0
4b6f45fef964a52087e82ce3,A&W Restaurant,0.9622517070142768,1.0,5.6,11.0,13.0,4.0
4bd9db2f3904a5939ee8439e,Flaming Wok,0.8958527312228429,1.0,5.3,10.0,11.0,4.0
4bc16b7266ec40f566f05423,Take Five Café,,,,,,
e9693515c85fbcec686cd8c6,Fatburger,,,,,,
f1fe082c9da445475eed6767,New York Fries,,,,,,
a13f4631e77b44024a06c12f,Garden Terrace,,,,,,
181f4901be7946afcc0bc05c,El Caravan Express,,,,,,
2cc013b21b1c4dfb599e7061,Tea Sparrow,,,,,,
57951723498e1e1d10b665a7,Tractor - Olympic Village,0.9250271570453136,1.0,7.8,10.0,12.0,1.0
4b1b3a7af964a520dff923e3,La Belle Patate,0.9747245499689634,2.0,8.2,281.0,213.0,73.0
4aa748faf964a5209a4c20e3,Pumpjack Pub,0.9774208566108008,1.0,8.2,111.0,149.0,15.0
5d3244e349d04f0008eee7b6,Tom Sushi,0.9515246741154564,2.0,7.9,9.0,9.0,2.0
4aa8555cf964a520e75020e3,1181 Lounge,0.9256478895096214,2.0,7.5,74.0,49.0,19.0
59d6f4326cf01a0e1628385e,Davie Dosa Co,0.9370538485412788,2.0,7.5,21.0,30.0,18.0
5b5a6a67029a55002c8dbb0f,Mary's on Davie,0.9517186530105524,1.0,7.2,27.0,19.0,3.0
4e14dcd618384368edca8944,Pho Goodness,0.8110063625077591,2.0,7.6,96.0,104.0,29.0
4aaecec2f964a520636320e3,European Delicatessen,0.3190176908752328,,6.5,15.0,11.0,4.0
4ac4231bf964a5204c9e20e3,Thida Thai Restaurant,0.8846019553072626,2.0,5.9,18.0,26.0,8.0
5d86d1d0f516bc0008f4791b,Disco Cheetah,0.8459613594040968,1.0,,,,
5b57da878496ca002cd928b6,Dosa and Curry on Davie,0.8552723463687151,2.0,,,,
56c27e6bcd103c57e982d875,Japanese Bistro Hatzu,0.1314788950962135,2.0,,,,
5ad16e4fe0c0c95f1e7705d1,Al Basha,0.8369801365611421,1.0,,,,
5c662eac0802d4002c1b3e0d,Guu - Davie,0.9373254189944136,2.0,,,,
5a08d320e65d0c20c67525cf,Albasha,0.5733046244568591,2.0,,,,
4b5bcf63f964a520771729e3,Ho Ho's Yummy Food,0.9501280260707636,1.0,5.4,71.0,14.0,10.0
614f709a591409106025779c,Nene Chicken,0.8286002482929857,1.0,,,,
6250be2cb6f53606d200799b,City Square Pizza,0.8445841092489137,1.0,,,,
4ad54f55f964a520c60221e3,Downtown Sushi Bar,0.8655532278088144,2.0,5.1,22.0,34.0,19.0
476f05742e844b1be7951a01,Speakeasy Bar & Grill,,,,,,
4c29d694b794430313623c4d,Triple O's - Mac's on Davie,,,,,,
d51b0c019cba484c11508497,Dosa and Curry,,,,,,
8baae0792dda4d2c168a2883,Donair Dude,,,,,,
4adb81d7f964a5205e2821e3,Triple O's,0.9712911235257604,1.0,5.3,10.0,26.0,5.0
50648a27e4b06a6416704ae0,Red Truck Beer,0.9665192427063936,2.0,7.7,179.0,73.0,7.0
61cf7919e816b708fd4a6e61,Vancouver Soup Co,0.9191108007448788,1.0,,,,
530e9ea1498eee5076f049a3,Matchstick Coffee,0.950108628181254,2.0,9.0,163.0,342.0,37.0
58433dcee110955af05a854c,Dalina,0.9789144941030417,1.0,7.6,23.0,26.0,7.0
55d4d3c8498ea0961a75dda6,Fat Mao Noodles,0.9456665114835506,1.0,8.3,64.0,108.0,11.0
5840e68326a4073fb5517d3d,Pacific Poke,0.8648936995654872,,7.5,25.0,19.0,3.0
4b85b032f964a520e86c31e3,Ba le,0.931253879577902,1.0,7.1,18.0,13.0,5.0
4e99cefcf790b2a9190a854e,Treasure Green Tea Co,0.0796283364369956,2.0,7.8,17.0,8.0,1.0
4aa7f74ff964a520474e20e3,Brickhouse Late Nite Bistro & Bar,0.94518156424581,1.0,7.3,17.0,26.0,3.0
54ce8759498ede96b0c2d9ad,The Ramen Butcher,0.9495460893854748,1.0,7.3,166.0,113.0,21.0
4ccbaf08c0378cfa0aed8048,London Pub,0.9440370887647423,1.0,5.8,109.0,80.0,34.0
590cd4fd0a464d19ef9cf8f0,Straight Outta Brooklyn NYC Pizzeria,0.8472028243327127,1.0,,,,
5a19e0d13c858d332c664703,Tim Hortons,0.958449720670391,1.0,6.3,5.0,1.0,0.0
616f8af98fc46720384a4074,"Fiorino, Italian Street Food",0.9214385474860336,2.0,,,,
5eecc43ce0631d000726dd68,Bar Chickadee,0.9015751086281812,3.0,,,,
a45ecd8d59e54ab55e41c7e5,Nando's,,,,,,
eea6aaa7c88c45b575daea7d,Trattoria,,,,,,
4d0e57def393224b4f4721ee,Black Forest Delicatessen,0.9648062788432408,1.0,,,,
82405aed507345cdc921f2b1,A20 Pizza,,,,,,
8f7cb4a05f9346ced1cfac97,Park Royal Shopping Centre,,,,,,
a2ad7204097248eebad0bad2,East of Main,,,,,,
c1104a340af040ccacba8ae4,Fatkee Restaurant,,,,,,
4d320c5498336dcb18401ff0,Cactus Club Cafe,0.9960816263190564,3.0,8.7,721.0,687.0,100.0
5baeb74073fe25002c5728d5,LOT185 Cafe + Wine Bar,0.9802723463687152,1.0,,,,
b950465a81844c7d30ada9e8,Feastro,,,,,,
a09c441d051b4de1c05dacc3,Cactus Club Cafe Coal Harbour,,,,,,
4c0b27b970f241821848edbb,RawBar,,,,,,
