fsq_id,station_id
4fd3a01be4b0540d9cb027ea,7a19c49f486d7c0c02b3685d7b240448
5d2843a1c56f480023f8e4cd,7a19c49f486d7c0c02b3685d7b240448
63560d0518f2d50e9c6b4717,7a19c49f486d7c0c02b3685d7b240448
506241a2e4b061897f154545,7a19c49f486d7c0c02b3685d7b240448
5678df11498e17b35a76bc68,7a19c49f486d7c0c02b3685d7b240448
acd8424b3fad4dda1e267983,7a19c49f486d7c0c02b3685d7b240448
02a86174fca7491070b7af5f,7a19c49f486d7c0c02b3685d7b240448
f0b9648082f64571e86ae32f,7a19c49f486d7c0c02b3685d7b240448
db4410dc37cd47a74f2d4733,7a19c49f486d7c0c02b3685d7b240448
5751fda3498e4f21436b3b09,32603a87cfca71d0f7dfa3513bad69d5
5a878c33f8cbd46ab822ef69,32603a87cfca71d0f7dfa3513bad69d5
4e2901b5b61c41a2f8a38ab3,32603a87cfca71d0f7dfa3513bad69d5
4aa94599f964a520cc5220e3,32603a87cfca71d0f7dfa3513bad69d5
4b4fdbd2f964a520c91727e3,32603a87cfca71d0f7dfa3513bad69d5
4aa74bb8f964a520a14c20e3,32603a87cfca71d0f7dfa3513bad69d5
4aa87be5f964a520785120e3,32603a87cfca71d0f7dfa3513bad69d5
517ccf1de4b0a5232a99e385,32603a87cfca71d0f7dfa3513bad69d5
517b21d7e4b08338c6c6e247,32603a87cfca71d0f7dfa3513bad69d5
4f6b60e3e4b026c4acd2727e,32603a87cfca71d0f7dfa3513bad69d5
4aa834c0f964a5200f5020e3,32603a87cfca71d0f7dfa3513bad69d5
4aa7332cf964a520414c20e3,32603a87cfca71d0f7dfa3513bad69d5
4aa743a8f964a520884c20e3,32603a87cfca71d0f7dfa3513bad69d5
4aa80cc4f964a520fd4e20e3,32603a87cfca71d0f7dfa3513bad69d5
515d0176fe70ed72be0f6d2f,32603a87cfca71d0f7dfa3513bad69d5
4b760075f964a520bb352ee3,32603a87cfca71d0f7dfa3513bad69d5
545a9aac498e653625a4f9d3,32603a87cfca71d0f7dfa3513bad69d5
4fa9bfd0e4b0f8dd982168f6,32603a87cfca71d0f7dfa3513bad69d5
5b5e70d2be7078002c2514dc,32603a87cfca71d0f7dfa3513bad69d5
6264b0d4befc6d0886c16255,32603a87cfca71d0f7dfa3513bad69d5
52d0af0e498e6fab25e39ec5,32603a87cfca71d0f7dfa3513bad69d5
5f8a7dd8a02efd7a81796559,32603a87cfca71d0f7dfa3513bad69d5
33ce49c3dc9f48f804d0dca2,32603a87cfca71d0f7dfa3513bad69d5
4aa0e4bdd4da467865d8a6aa,32603a87cfca71d0f7dfa3513bad69d5
777207538f074d253e836fe5,32603a87cfca71d0f7dfa3513bad69d5
d84e80f91abc4d7f60305768,32603a87cfca71d0f7dfa3513bad69d5
616953860f124f79b0b3990c,32603a87cfca71d0f7dfa3513bad69d5
c47f668aaae1420fd34dd62f,32603a87cfca71d0f7dfa3513bad69d5
4fb14574e4b0e047b2ebf605,bf8408067b0e0c963f3ff526977bcef3
4d486b0211618cfade6cd423,bf8408067b0e0c963f3ff526977bcef3
576c9358cd10a371ffa40cfb,bf8408067b0e0c963f3ff526977bcef3
4b103e52f964a520206c23e3,bf8408067b0e0c963f3ff526977bcef3
52831fbd11d2e6c28ac11bb9,bf8408067b0e0c963f3ff526977bcef3
4f0f3003e4b0d2af73a23682,bf8408067b0e0c963f3ff526977bcef3
4c49d7b3567776b07e8d0588,bf8408067b0e0c963f3ff526977bcef3
4b675688f964a520f0482be3,bf8408067b0e0c963f3ff526977bcef3
5053c6abe4b0719d6768a508,bf8408067b0e0c963f3ff526977bcef3
53fe1bd1498e8b3759518bb7,bf8408067b0e0c963f3ff526977bcef3
4bbe603c006dc9b66e11fb3f,bf8408067b0e0c963f3ff526977bcef3
564284a1498e8336839b7a87,bf8408067b0e0c963f3ff526977bcef3
4d8a505176e1236ae1c21743,bf8408067b0e0c963f3ff526977bcef3
64868dfd2e8a4ca6393f8436,bf8408067b0e0c963f3ff526977bcef3
71e24e8b1e34451b792b8592,bf8408067b0e0c963f3ff526977bcef3
5f2721d9b4a14802b1fd6d90,bf8408067b0e0c963f3ff526977bcef3
1a1014fd0dee4f52d6603119,bf8408067b0e0c963f3ff526977bcef3
0f43981da68c40c2f9017737,bf8408067b0e0c963f3ff526977bcef3
7d8c74087b784ab0ba7f5869,bf8408067b0e0c963f3ff526977bcef3
87b7c38d4b38483edb1d8845,bf8408067b0e0c963f3ff526977bcef3
3998178867614d5ebdacd7e0,bf8408067b0e0c963f3ff526977bcef3
fca74cb740044fa27828f489,bf8408067b0e0c963f3ff526977bcef3
5bc73d7100a64af16d97a0a9,bf8408067b0e0c963f3ff526977bcef3
0fbaabd123084f8a2ef6e898,bf8408067b0e0c963f3ff526977bcef3
b9413a31019f4f40a6b9adde,bf8408067b0e0c963f3ff526977bcef3
57b26a56cd104357811923e4,9449a6a83fbf88452e384350e5ac95b7
4aa93bf4f964a520975220e3,9449a6a83fbf88452e384350e5ac95b7
4b10463af964a520ce6c23e3,9449a6a83fbf88452e384350e5ac95b7
51e1f9bb498e7b1ebb05f623,9449a6a83fbf88452e384350e5ac95b7
4ee03e186da1d9fae2f96d88,9449a6a83fbf88452e384350e5ac95b7
4aac17faf964a520335c20e3,9449a6a83fbf88452e384350e5ac95b7
4aa920b0f964a520155220e3,9449a6a83fbf88452e384350e5ac95b7
4aa92174f964a520195220e3,9449a6a83fbf88452e384350e5ac95b7
5955d24b112c6c598f81f6f9,9449a6a83fbf88452e384350e5ac95b7
4aaa62abf964a520cb5520e3,9449a6a83fbf88452e384350e5ac95b7
4aa7e656f964a520ee4d20e3,9449a6a83fbf88452e384350e5ac95b7
50c2589fe4b0489424ed0c46,9449a6a83fbf88452e384350e5ac95b7
5b6e4399a4ba7c002c1a9c79,9449a6a83fbf88452e384350e5ac95b7
420779120ca545399f66cb2f,9449a6a83fbf88452e384350e5ac95b7
60a22d3744aa4d801e432897,9449a6a83fbf88452e384350e5ac95b7
7572a99991de4aa32c580d56,9449a6a83fbf88452e384350e5ac95b7
a67444e058d14886b94d8ade,9449a6a83fbf88452e384350e5ac95b7
4ce7fc88574deeeb99ad9cc2,365da33e9ce06ea53db1173a0f8eae71
5044114ce4b003e2b452ddee,707c1c54e0278fbae5d0ae3c42a25b71
4acd77a2f964a52025cc20e3,707c1c54e0278fbae5d0ae3c42a25b71
4aab07faf964a520a15820e3,707c1c54e0278fbae5d0ae3c42a25b71
4abedbd3f964a5204d9020e3,707c1c54e0278fbae5d0ae3c42a25b71
59eaa510ff0306350d76bf9e,707c1c54e0278fbae5d0ae3c42a25b71
4c0db123d64c0f47332e275d,707c1c54e0278fbae5d0ae3c42a25b71
61eccf043030b3598c2b11ca,707c1c54e0278fbae5d0ae3c42a25b71
dc68f0ad3197444443b9c8b9,707c1c54e0278fbae5d0ae3c42a25b71
5025a880e572a306f91e73bd,707c1c54e0278fbae5d0ae3c42a25b71
548bb931498e031a7dad39a6,5105df3dd0daf4c26980f4134f61e5cc
4b0e0237f964a520c95323e3,5105df3dd0daf4c26980f4134f61e5cc
617df7621bea062d56303895,5105df3dd0daf4c26980f4134f61e5cc
5d659065ffbacb0008a01cf5,5105df3dd0daf4c26980f4134f61e5cc
57242c7ecd1040df61be5d0b,e7bf01431a6982f032996ad50a9e5bd7
5232a7428bbdeb25735b08df,e7bf01431a6982f032996ad50a9e5bd7
608cc5486a2833450485bdcf,e7bf01431a6982f032996ad50a9e5bd7
5c75fa29ad1789002ce814c2,e7bf01431a6982f032996ad50a9e5bd7
4bdb45f83904a5931894499e,e7bf01431a6982f032996ad50a9e5bd7
5ce09caf916bc1002c80c4d9,e7bf01431a6982f032996ad50a9e5bd7
583a00b6809a772320ac07dd,e7bf01431a6982f032996ad50a9e5bd7
614e2bc4185f6e0f5c0dc7b8,e7bf01431a6982f032996ad50a9e5bd7
4aab0973f964a520a65820e3,91035fe1d70b65c9cb8ec4a007af7c7f
5815754438fada27f6999ae5,91035fe1d70b65c9cb8ec4a007af7c7f
5a4eba1ac4df1d0cacc5b9e6,d2244f1a81d317c76cabd65e81250835
5ec732a8b2e8430007360f1c,d2244f1a81d317c76cabd65e81250835
5fd8164439540a7f81267e6e,d2244f1a81d317c76cabd65e81250835
555df6c9498ec05757a9ef70,ac3b8198f03754a0afb8b6ed6d220cdd
4ce833c6fe90a35d053c410e,ac3b8198f03754a0afb8b6ed6d220cdd
4b71d2caf964a520905e2de3,ac3b8198f03754a0afb8b6ed6d220cdd
4aa80271f964a520af4e20e3,ac3b8198f03754a0afb8b6ed6d220cdd
5256c3bf498e4a720085f2cf,ac3b8198f03754a0afb8b6ed6d220cdd
4aecb34ff964a52060ca21e3,ac3b8198f03754a0afb8b6ed6d220cdd
4cddb9c1c4f6a35d0b36c56c,ac3b8198f03754a0afb8b6ed6d220cdd
4aa9ac06f964a520ca5420e3,ac3b8198f03754a0afb8b6ed6d220cdd
5f00f72289dce8008504b1fa,ac3b8198f03754a0afb8b6ed6d220cdd
5d959d36718dfa0008f72e41,ac3b8198f03754a0afb8b6ed6d220cdd
5a3c6926898bdc16c1092eb1,ac3b8198f03754a0afb8b6ed6d220cdd
5fa469466e1d2e5056f399ee,ac3b8198f03754a0afb8b6ed6d220cdd
58fd635835dfa707a416c32a,ac3b8198f03754a0afb8b6ed6d220cdd
4aa7f9fff964a520684e20e3,ac3b8198f03754a0afb8b6ed6d220cdd
5c40fec6c97f28002b4761da,ac3b8198f03754a0afb8b6ed6d220cdd
d812a3c94a8440c3f2bf72c6,ac3b8198f03754a0afb8b6ed6d220cdd
e3f180b38ef140186b7e7098,ac3b8198f03754a0afb8b6ed6d220cdd
1433ae1cbf9f451d294fafa4,ac3b8198f03754a0afb8b6ed6d220cdd
793d7457b4be49bce4542e80,ac3b8198f03754a0afb8b6ed6d220cdd
7b5f0d08b398478278099acc,ac3b8198f03754a0afb8b6ed6d220cdd
5b470ee73e3f42936d5ee638,029a505bd4422a1afd127987757f71a6
4aaae466f964a520e45720e3,0b543fc4e694fe07a54dac48bb1b3390
4aa17172f964a520904020e3,0b543fc4e694fe07a54dac48bb1b3390
4aa7ceb6f964a520504d20e3,0b543fc4e694fe07a54dac48bb1b3390
51fecfa2498e27c58533c281,0b543fc4e694fe07a54dac48bb1b3390
4aa8060af964a520d04e20e3,0b543fc4e694fe07a54dac48bb1b3390
4de3ef4dcc3fa786ac832554,0b543fc4e694fe07a54dac48bb1b3390
4bf5a90192d19521859f591f,0b543fc4e694fe07a54dac48bb1b3390
61f061d4c27046306da74f80,0b543fc4e694fe07a54dac48bb1b3390
5cf2f6b2fb8e59002c11ca57,0b543fc4e694fe07a54dac48bb1b3390
4bec9a750ddaa59307cd1dc3,0b543fc4e694fe07a54dac48bb1b3390
c458f4b2abdd47ad02d43d1c,0b543fc4e694fe07a54dac48bb1b3390
6ae381607b15403e86981180,0b543fc4e694fe07a54dac48bb1b3390
1a70e7b87cdc45f2f62ec673,0b543fc4e694fe07a54dac48bb1b3390
9a811ef83f9441477a0f83ab,0b543fc4e694fe07a54dac48bb1b3390
e7596dd228944f15ac7ea896,0b543fc4e694fe07a54dac48bb1b3390
4b8f0753f964a5207a4533e3,6b1622540fe5c85d365754dd8c20bf0c
5ad42c24345cbe490eba23b1,6b1622540fe5c85d365754dd8c20bf0c
4abd7b62f964a520958a20e3,6b1622540fe5c85d365754dd8c20bf0c
4f89dbf9e4b0af4d4e524dbb,6b1622540fe5c85d365754dd8c20bf0c
4aa6ba15f964a520d44a20e3,6b1622540fe5c85d365754dd8c20bf0c
4aad5edcf964a520f15f20e3,6b1622540fe5c85d365754dd8c20bf0c
4fa33d77e4b0ad74eb4a7533,6b1622540fe5c85d365754dd8c20bf0c
4ab69af4f964a5201a7820e3,6b1622540fe5c85d365754dd8c20bf0c
4aab1084f964a520c75820e3,6b1622540fe5c85d365754dd8c20bf0c
606b7d432ec75a04d0601e2f,6b1622540fe5c85d365754dd8c20bf0c
62840fd09850162b791dfdb7,6b1622540fe5c85d365754dd8c20bf0c
4ee0175d9a52e7f5b892680b,6b1622540fe5c85d365754dd8c20bf0c
5ceddc19b3d8e2002c05916a,6b1622540fe5c85d365754dd8c20bf0c
4b722a80f964a52020722de3,6b1622540fe5c85d365754dd8c20bf0c
5e3e360cb882400008faa264,6b1622540fe5c85d365754dd8c20bf0c
62243f18afa47f6c34b33031,6b1622540fe5c85d365754dd8c20bf0c
5bea4dc33b8307002c18c02d,6b1622540fe5c85d365754dd8c20bf0c
35626381b7ad41eb88f4cfe1,6b1622540fe5c85d365754dd8c20bf0c
ba57e322fdc14ed7da1f9d19,6b1622540fe5c85d365754dd8c20bf0c
a724edfe966d49f771d58115,6b1622540fe5c85d365754dd8c20bf0c
243916511d084f0b7f8f25ae,6b1622540fe5c85d365754dd8c20bf0c
2f24a6023e4f45439ce74f76,6b1622540fe5c85d365754dd8c20bf0c
93411f9e2c3544369482551c,6b1622540fe5c85d365754dd8c20bf0c
4b525ee5f964a520e17927e3,ebc551adb0fc1a684f4080e4954a9ba4
5060a443e4b0be43501ee278,ebc551adb0fc1a684f4080e4954a9ba4
4aa80372f964a520b84e20e3,ebc551adb0fc1a684f4080e4954a9ba4
4bd9b9402e6f0f47a2aa0b08,ebc551adb0fc1a684f4080e4954a9ba4
4aab286ef964a520255920e3,ebc551adb0fc1a684f4080e4954a9ba4
4ab15459f964a520096920e3,ebc551adb0fc1a684f4080e4954a9ba4
4e1b538cae60ddb8f651e43b,ebc551adb0fc1a684f4080e4954a9ba4
5a10b8a16dcf0435cc454214,ebc551adb0fc1a684f4080e4954a9ba4
6036f4100f1daa62800ffe47,ebc551adb0fc1a684f4080e4954a9ba4
5cf08a740e3239002b98435d,ebc551adb0fc1a684f4080e4954a9ba4
5b5b7a8e8c35dc002cfcc1c9,ebc551adb0fc1a684f4080e4954a9ba4
62fb2eb96e959e1e3078e3b9,ebc551adb0fc1a684f4080e4954a9ba4
2abc17dd73214beea92d2b27,ebc551adb0fc1a684f4080e4954a9ba4
3951572017e14dd402ac844e,ebc551adb0fc1a684f4080e4954a9ba4
4dfe52e6b0fb709b61e36ce6,6eaa02e5bcf78db5386683d38fa2dabd
4f73c020e4b0ab2907d5a86f,6eaa02e5bcf78db5386683d38fa2dabd
4aa838eaf964a520315020e3,6eaa02e5bcf78db5386683d38fa2dabd
4ab6cfe7f964a520267920e3,6eaa02e5bcf78db5386683d38fa2dabd
5bb2874235811b00398ffc2b,6eaa02e5bcf78db5386683d38fa2dabd
4aab06bff964a520995820e3,6eaa02e5bcf78db5386683d38fa2dabd
508c159fe4b0306b57dfdfa7,6eaa02e5bcf78db5386683d38fa2dabd
4b246cdcf964a520626724e3,6eaa02e5bcf78db5386683d38fa2dabd
53b74121498ebfb1ade5b1cd,6eaa02e5bcf78db5386683d38fa2dabd
4b0de7daf964a520695223e3,6eaa02e5bcf78db5386683d38fa2dabd
5c355fd8c9f907002cd49416,6eaa02e5bcf78db5386683d38fa2dabd
9f94007378304f36a7077bb3,6eaa02e5bcf78db5386683d38fa2dabd
4e9974eec9454ded8858fa99,6eaa02e5bcf78db5386683d38fa2dabd
4ad25114f964a520e0e020e3,983e58671adcc67af94457d7887dbb15
4aa7407df964a5207a4c20e3,983e58671adcc67af94457d7887dbb15
4aa8138ef964a520224f20e3,983e58671adcc67af94457d7887dbb15
6140f96a4e1b0b7f20907ec1,983e58671adcc67af94457d7887dbb15
3c3f2681eb9247d9289eaca4,983e58671adcc67af94457d7887dbb15
4aabd916f964a5206d5a20e3,797ff1725f8d2b18337de51e240ff60d
4aae9cb7f964a5209b6220e3,797ff1725f8d2b18337de51e240ff60d
4b747025f964a52099dc2de3,797ff1725f8d2b18337de51e240ff60d
4b684df5f964a520bc702be3,797ff1725f8d2b18337de51e240ff60d
59b337eec0f1635d392d9cf8,797ff1725f8d2b18337de51e240ff60d
4b9bf48ff964a5202d3a36e3,797ff1725f8d2b18337de51e240ff60d
4b5f923cf964a52042c229e3,797ff1725f8d2b18337de51e240ff60d
a60873434c704eb98bc9c8e0,797ff1725f8d2b18337de51e240ff60d
55a9abed498e0ce43418b2e5,e1ff428dadc7c32141b9d89a7b56728a
53aa2de5498e191dfd681c59,012d3e06901cc222b1c2cf0a2ace3a29
4ce1b62d69136dcb750aebe6,1b4c6f63f4bfbbd983992dbdca776865
55734e93498e907e6b20d811,1b4c6f63f4bfbbd983992dbdca776865
4e91027f0aafb4070c2e4225,1b4c6f63f4bfbbd983992dbdca776865
55073fe8498ef84023605e92,1b4c6f63f4bfbbd983992dbdca776865
5baa64c84f0e58002c1a406d,1b4c6f63f4bfbbd983992dbdca776865
55c099336d3042caba03c407,1b4c6f63f4bfbbd983992dbdca776865
ac99df13047840ceff55718f,1b4c6f63f4bfbbd983992dbdca776865
57096a03cd10b7535b1d59a5,1bca0e944a4faf170db82793414b03ab
4d810b99e6d7721e1bb523c7,1bca0e944a4faf170db82793414b03ab
4c058d82191f20a11e43e314,1bca0e944a4faf170db82793414b03ab
605498964d6e3e208bfea856,1bca0e944a4faf170db82793414b03ab
62dee334abfc6e5cc280436a,1bca0e944a4faf170db82793414b03ab
32f5e100e1974a40219bc66a,1bca0e944a4faf170db82793414b03ab
4efbdec10e014519c62d8889,0cee06d7d10f7d3162cea03d22b7beed
5d4103e23c3cf700076593dc,0cee06d7d10f7d3162cea03d22b7beed
5b63bc6135d3fc002ccf63e7,0cee06d7d10f7d3162cea03d22b7beed
7418f07a52cf4f97a6e57915,0cee06d7d10f7d3162cea03d22b7beed
5ae52e0786bc49002cd8ee1e,f62bc2bfe9a0a563d5b6745ce6d962ba
79de8a71f87a42507a9b70d5,f62bc2bfe9a0a563d5b6745ce6d962ba
52927eb5551b4f77b3e7b801,f62bc2bfe9a0a563d5b6745ce6d962ba
4aa81620f964a5203b4f20e3,fbb1d30d7f30b049873f5be5688563d4
4aa94b4af964a520f15220e3,fbb1d30d7f30b049873f5be5688563d4
4aad5fd7f964a520f75f20e3,fbb1d30d7f30b049873f5be5688563d4
4aa87d05f964a5207a5120e3,fbb1d30d7f30b049873f5be5688563d4
4c49d7b3567776b07e8d0588,fbb1d30d7f30b049873f5be5688563d4
5938aff5829b0c197db5625e,fbb1d30d7f30b049873f5be5688563d4
53629dc0498e27d5756987a7,fbb1d30d7f30b049873f5be5688563d4
4c115e5d6e5dc9b6e8faaf2d,fbb1d30d7f30b049873f5be5688563d4
587d4a3d0393cc5a953d2064,fbb1d30d7f30b049873f5be5688563d4
b73d64f82bfc408c570ff17c,fbb1d30d7f30b049873f5be5688563d4
1646e418a9ff4294281bc2fb,fbb1d30d7f30b049873f5be5688563d4
ec3a07d73e324de970fe8062,fbb1d30d7f30b049873f5be5688563d4
722403136cb14651f9b13e44,fbb1d30d7f30b049873f5be5688563d4
355bc300a6ee431f28f5c420,fbb1d30d7f30b049873f5be5688563d4
5285454abff84c0f6f791b30,fbb1d30d7f30b049873f5be5688563d4
abb445c6c11649cf546c0df3,fbb1d30d7f30b049873f5be5688563d4
6967dc5d8d534cd3b2742968,fbb1d30d7f30b049873f5be5688563d4
4cf3fd1e6c29236affdd73a2,aed214941445e0345aa3254805a9e8b8
4f1b5861e4b08382320d3f2e,198810b9b0af5d229d1b6fa12c620e06
4aa961a6f964a520625320e3,198810b9b0af5d229d1b6fa12c620e06
4aa7d40ff964a5206e4d20e3,08c7a90bf297fde8c1f1156db13987d4
4f1995afe4b00583e823ffc4,08c7a90bf297fde8c1f1156db13987d4
4f21e016e4b0c41c4ffda0ab,08c7a90bf297fde8c1f1156db13987d4
4b2e7cddf964a52015e124e3,08c7a90bf297fde8c1f1156db13987d4
4ab7f051f964a520827b20e3,7181df50ee1d1a05559399211382b7c8
552583c6498e2ca34e9012b4,7181df50ee1d1a05559399211382b7c8
4aa7dce2f964a520ad4d20e3,7181df50ee1d1a05559399211382b7c8
4c7596abb474a1cda1b9b9bf,7181df50ee1d1a05559399211382b7c8
538f71c9498e0706f1475262,7181df50ee1d1a05559399211382b7c8
4fe504f0e4b00cda589425c7,7181df50ee1d1a05559399211382b7c8
533466e7498e5bc662c9e26c,7181df50ee1d1a05559399211382b7c8
4c94d97421c7199cf968137f,7181df50ee1d1a05559399211382b7c8
59020f656a8d8658d39ea063,7181df50ee1d1a05559399211382b7c8
4d1d077f16cfb60c98a33b61,7181df50ee1d1a05559399211382b7c8
57cf2e7f498eef8d7dedcbd5,7181df50ee1d1a05559399211382b7c8
4b27ee1bf964a5207c8c24e3,7181df50ee1d1a05559399211382b7c8
4aa8033ef964a520b64e20e3,7181df50ee1d1a05559399211382b7c8
57e5bd57498e440474bdb7d3,7181df50ee1d1a05559399211382b7c8
5d0941151af852002cfb3804,7181df50ee1d1a05559399211382b7c8
4c0ff6fdb93cc9b6e6fe55e0,7181df50ee1d1a05559399211382b7c8
5a56723ea8eb600dbaa24cde,7181df50ee1d1a05559399211382b7c8
632e71f5738d032eea3dc570,7181df50ee1d1a05559399211382b7c8
5d2d43617226a500249d4e61,7181df50ee1d1a05559399211382b7c8
59606cbb9be5224b9b1b06c3,7181df50ee1d1a05559399211382b7c8
54aef2a3498eb5e74ac7814e,7181df50ee1d1a05559399211382b7c8
58be34c289151d19bbcd29c2,7181df50ee1d1a05559399211382b7c8
a9997b53d39d44d7c76cb2c7,7181df50ee1d1a05559399211382b7c8
14ad000034231ef9c3cd2683,7181df50ee1d1a05559399211382b7c8
4b0a070bd6804a97ffedff9b,7181df50ee1d1a05559399211382b7c8
e4450302b5f246d54c106e73,7181df50ee1d1a05559399211382b7c8
0f0fba0dd00f4edd706704ab,7181df50ee1d1a05559399211382b7c8
4c35136fed37a593e0027003,45a4c865db23e1cad0209afa5a799de0
4abaacfff964a5206a8220e3,b10d422b045805f1c350c47c983381e8
4aa7350bf964a520464c20e3,b562f08327af465e4531e20226789489
502ef97ce4b047ef9a41d5aa,b562f08327af465e4531e20226789489
4aa9b6fbf964a520fe5420e3,b562f08327af465e4531e20226789489
4f8e0f4ce4b018d8f5fde367,b562f08327af465e4531e20226789489
511ffd76e4b0781dd9ddbf08,b562f08327af465e4531e20226789489
4d4de106d6f3224bc258a1a6,b562f08327af465e4531e20226789489
4aa86b72f964a520375120e3,b562f08327af465e4531e20226789489
57dc3a9b498e06f25a983709,b562f08327af465e4531e20226789489
5ddc44f3ec276a00087c44f2,b562f08327af465e4531e20226789489
5e0832ef80c6a900070c1374,b562f08327af465e4531e20226789489
4c1246c08aedd13a66405137,b562f08327af465e4531e20226789489
54c3105e498ee8c2a66f863c,b562f08327af465e4531e20226789489
96103c4cdaea464346b37d68,b562f08327af465e4531e20226789489
87902c62490e48b14e08e932,b562f08327af465e4531e20226789489
80cc98ce67804e6d78be6983,b562f08327af465e4531e20226789489
4bcb6f5db6c49c743b389291,4ac99b928a91d8ccb785c9d0b805adb6
5d1c0f178132b9002350bb69,4ac99b928a91d8ccb785c9d0b805adb6
5116e8c6e4b0cd2368f77868,99c81f71db35911c79a86a1c5edc5604
4ad10242f964a520ebdb20e3,99c81f71db35911c79a86a1c5edc5604
4b63ba96f964a520908e2ae3,e12234b6f1299d178f34bffaca92f043
56996c68498ebc7d9daf09f4,e12234b6f1299d178f34bffaca92f043
506b5c37f31cd15cd744f51d,e12234b6f1299d178f34bffaca92f043
4acb8a64f964a52028c420e3,e12234b6f1299d178f34bffaca92f043
55d101a3498e5b80ff25cbf9,e12234b6f1299d178f34bffaca92f043
4c290abced0ac9b6c82d61aa,e12234b6f1299d178f34bffaca92f043
4fcfbc1ae4b03cde7dc4e24e,e12234b6f1299d178f34bffaca92f043
51b7966b498ed29155133852,e12234b6f1299d178f34bffaca92f043
50b536b2498ecd0163676f72,e12234b6f1299d178f34bffaca92f043
5152192fe4b0f4bcd7f1e2c5,e12234b6f1299d178f34bffaca92f043
4ce6e46f678aa09331f9deea,e12234b6f1299d178f34bffaca92f043
5e66add052c5be0008b60ac3,e12234b6f1299d178f34bffaca92f043
54ca98ee498ecfa9d53ac108,e12234b6f1299d178f34bffaca92f043
4d5c417b6f6d6ea86e0563ec,e12234b6f1299d178f34bffaca92f043
59b2334d35811b271f550ab2,e12234b6f1299d178f34bffaca92f043
5bce19f72aff31002c21c9b8,e12234b6f1299d178f34bffaca92f043
4aafd7f1f964a520e46420e3,e12234b6f1299d178f34bffaca92f043
58868f03b210142fe78ca603,e12234b6f1299d178f34bffaca92f043
4bce275968f976b0df8b6583,e12234b6f1299d178f34bffaca92f043
4abcff42f964a520008820e3,e12234b6f1299d178f34bffaca92f043
9fbb071f729e4ff2408acb45,e12234b6f1299d178f34bffaca92f043
2513d2cf7228488db63b5bfb,e12234b6f1299d178f34bffaca92f043
8339b9403d304cd28b2bb68a,e12234b6f1299d178f34bffaca92f043
9d7bda41da03485e6d23aa0f,e12234b6f1299d178f34bffaca92f043
3cdf49b3e17a48ccd8c3c52d,e12234b6f1299d178f34bffaca92f043
1b2e7ee55928495d79d52a21,e12234b6f1299d178f34bffaca92f043
0850b5d30d8e46529295231b,e12234b6f1299d178f34bffaca92f043
dda46a844a5b4246520835d6,e12234b6f1299d178f34bffaca92f043
7b63680573a04b25663778d6,e12234b6f1299d178f34bffaca92f043
34768a964e11409ee3d724a6,e12234b6f1299d178f34bffaca92f043
4a71592d4d994414af9271f8,e12234b6f1299d178f34bffaca92f043
463b5e7d499546aec9626c63,e12234b6f1299d178f34bffaca92f043
0c1957f63cf748f7d40f208b,e12234b6f1299d178f34bffaca92f043
329e2bc328744452261421d4,e12234b6f1299d178f34bffaca92f043
6de4cfb5d43849801a97cea0,e12234b6f1299d178f34bffaca92f043
5445a54e498e9497033f48c4,2ef000bc9d4650d8cc6198c4d570b19f
5503b460498ec1e7474be716,2ef000bc9d4650d8cc6198c4d570b19f
4dbf5ef81e72dd48b1f1a22c,2ef000bc9d4650d8cc6198c4d570b19f
55032d19498eefc0748c452f,2ef000bc9d4650d8cc6198c4d570b19f
5358210b498e69f34f0c4c15,2ef000bc9d4650d8cc6198c4d570b19f
dcb387b7a3b948a29b560c0b,2ef000bc9d4650d8cc6198c4d570b19f
4e223f06d4c0d32590f80ff4,9130f9aa3bb037a04c17e6f2630327e5
5a62b29f97cf5a4b8ccfc632,9130f9aa3bb037a04c17e6f2630327e5
4ab145f3f964a520d56820e3,9130f9aa3bb037a04c17e6f2630327e5
5bcb670ad0a149002dede4fa,9130f9aa3bb037a04c17e6f2630327e5
6171f98555d8535cda934577,9130f9aa3bb037a04c17e6f2630327e5
5b187cf04febd5002c8caa71,9130f9aa3bb037a04c17e6f2630327e5
5eee7b409087d80007289b9e,9130f9aa3bb037a04c17e6f2630327e5
79f1e0e1fb0e42d55c5cd31b,9130f9aa3bb037a04c17e6f2630327e5
4adeb7a8f964a520ad7621e3,9a48ca226f82f52d02707b054ebc7e9e
56b3b6c8498e7267147d84be,b3bb9f58d3530d33a1a09b6be9e973e0
57bf4ddd498e33abfac55462,b3bb9f58d3530d33a1a09b6be9e973e0
56cf6cba498e6349895e74e9,b3bb9f58d3530d33a1a09b6be9e973e0
56c8d816498e18ceaed0155e,b3bb9f58d3530d33a1a09b6be9e973e0
4aa8259df964a5209a4f20e3,b3bb9f58d3530d33a1a09b6be9e973e0
51df0a34498e208140b0ebc9,b3bb9f58d3530d33a1a09b6be9e973e0
4b04c7f2f964a520925622e3,b3bb9f58d3530d33a1a09b6be9e973e0
53f40d04498e6311b5e573ba,b3bb9f58d3530d33a1a09b6be9e973e0
a940bf6fe9c140add01d5dbd,b3bb9f58d3530d33a1a09b6be9e973e0
593988a54a674033a2590e84,b3bb9f58d3530d33a1a09b6be9e973e0
8133e1550d2049c085ab7ead,b3bb9f58d3530d33a1a09b6be9e973e0
6172e9723fa64af1998fdf94,b3bb9f58d3530d33a1a09b6be9e973e0
51a50c73498e7f0ed45f93ff,c2f4e05c01ea0d27934ac7dbc50cbd0c
55674e5c498e553d349469c3,c2f4e05c01ea0d27934ac7dbc50cbd0c
4bbe6dc74e7bd13a08fe9a7f,c2f4e05c01ea0d27934ac7dbc50cbd0c
4aa7f5b8f964a520394e20e3,c2f4e05c01ea0d27934ac7dbc50cbd0c
624a39659103a729ce340f8f,c2f4e05c01ea0d27934ac7dbc50cbd0c
5bf0a09116ef67002c3c16d0,c2f4e05c01ea0d27934ac7dbc50cbd0c
5863012d3e8835567907c4fe,9a5478470b56379c31cf4e671584d5cc
54bea64f498ec3ed3dde9a10,9a5478470b56379c31cf4e671584d5cc
4b883a16f964a520d0e831e3,9a5478470b56379c31cf4e671584d5cc
55abd548498e1966a0ebd1f0,9a5478470b56379c31cf4e671584d5cc
c2f22b44b5a747312d29ecb6,9a5478470b56379c31cf4e671584d5cc
4aa6bc27f964a520df4a20e3,257715b845828e027ff35dd0f11c971e
4aa738b0f964a520584c20e3,257715b845828e027ff35dd0f11c971e
5a625194b1538e3d54910a2c,257715b845828e027ff35dd0f11c971e
4aa7393bf964a5205b4c20e3,257715b845828e027ff35dd0f11c971e
4aa8325ef964a520fd4f20e3,257715b845828e027ff35dd0f11c971e
4aa89d0df964a520a65120e3,257715b845828e027ff35dd0f11c971e
4aabe6baf964a520cc5a20e3,257715b845828e027ff35dd0f11c971e
4aa9614ff964a520615320e3,257715b845828e027ff35dd0f11c971e
530272b5498ebf98dce9de5d,257715b845828e027ff35dd0f11c971e
52eabc15498e7977c643be04,257715b845828e027ff35dd0f11c971e
52ec0c19498e6ec4bad9b3eb,257715b845828e027ff35dd0f11c971e
56fd8201498e01c863d68502,257715b845828e027ff35dd0f11c971e
52c7264911d27bd55458be5a,257715b845828e027ff35dd0f11c971e
595d4c789ec3991d3cb3dc1d,257715b845828e027ff35dd0f11c971e
62f542a6f300ea17d00f4811,257715b845828e027ff35dd0f11c971e
4d6d7092cb0eb1f7f73faca0,257715b845828e027ff35dd0f11c971e
9d791a97a7b2481154aad915,257715b845828e027ff35dd0f11c971e
d77ed15d95a84f1c7ce93f5e,257715b845828e027ff35dd0f11c971e
b75a58b1764a4815ee36208a,257715b845828e027ff35dd0f11c971e
690b6cdd854c45284cd43dcb,257715b845828e027ff35dd0f11c971e
4b5fa47ff964a52000c629e3,910027847876403b57f1013c16504688
4ad3f11ff964a52000e720e3,910027847876403b57f1013c16504688
58fa60c8a35dce24a1fc26cb,910027847876403b57f1013c16504688
4aa7dce2f964a520ad4d20e3,910027847876403b57f1013c16504688
591782f22bf9a936de28c8d1,910027847876403b57f1013c16504688
4c9eab9f54c8a1cdcf53904b,910027847876403b57f1013c16504688
5081a68ae4b09e409ba309f5,910027847876403b57f1013c16504688
538f71c9498e0706f1475262,910027847876403b57f1013c16504688
4fe504f0e4b00cda589425c7,910027847876403b57f1013c16504688
4d1d077f16cfb60c98a33b61,910027847876403b57f1013c16504688
519552df498efd594ec9a0a5,910027847876403b57f1013c16504688
588a8ff00319b8631e1be93a,910027847876403b57f1013c16504688
4b27ee1bf964a5207c8c24e3,910027847876403b57f1013c16504688
5c71cc08febf31002ca1178a,910027847876403b57f1013c16504688
4b4149f7f964a520bdc425e3,910027847876403b57f1013c16504688
4e4593fed164155c0dd9a021,910027847876403b57f1013c16504688
58be34c289151d19bbcd29c2,910027847876403b57f1013c16504688
ca4f9add8be54fedada8d4b9,910027847876403b57f1013c16504688
3374a4b7d2fc4b074af6c240,910027847876403b57f1013c16504688
5348ce8b2e45dfeb515ae9c8,910027847876403b57f1013c16504688
e4450302b5f246d54c106e73,910027847876403b57f1013c16504688
1d47a79434b048f5d385b6db,910027847876403b57f1013c16504688
578c3c00498ee0c02beb38ec,b428c0e64d9b9fdb3bf8e85c95ffdf6b
53bee9ba498ecf83180e97d5,b428c0e64d9b9fdb3bf8e85c95ffdf6b
eb23d06b0c544e45e2cda009,b428c0e64d9b9fdb3bf8e85c95ffdf6b
3d606e1fb82149a9e34dad81,b428c0e64d9b9fdb3bf8e85c95ffdf6b
4bde12916198c9b6ede312ff,d085c6749a32517e1fb0d070e4128402
11762eedbaa64cfb59f4c8ec,d085c6749a32517e1fb0d070e4128402
4aa7f801f964a520514e20e3,9413725a5d3bb5ce2ad0682b07a3ffab
6292fa4155655a52d281cc0f,9413725a5d3bb5ce2ad0682b07a3ffab
4f17a3c2e4b0f22afcd37fdc,9413725a5d3bb5ce2ad0682b07a3ffab
10e96b5b729549e96d39a132,9413725a5d3bb5ce2ad0682b07a3ffab
222d23524727499e2e0e6f08,9413725a5d3bb5ce2ad0682b07a3ffab
b058cf64380540e9fed4713f,9413725a5d3bb5ce2ad0682b07a3ffab
4aa7455df964a5208e4c20e3,ce5dccf5a0f190bb4567a2fd93e7971e
4da627771e722893cd1a9af8,ce5dccf5a0f190bb4567a2fd93e7971e
4ba522fbf964a5204ce238e3,ce5dccf5a0f190bb4567a2fd93e7971e
4aa99cf4f964a520815420e3,ce5dccf5a0f190bb4567a2fd93e7971e
51b41346498eb97863b9ebe7,ce5dccf5a0f190bb4567a2fd93e7971e
4ac940fcf964a52066bf20e3,ce5dccf5a0f190bb4567a2fd93e7971e
4af3ce83f964a52061ef21e3,ce5dccf5a0f190bb4567a2fd93e7971e
4d686b872acd6ea83c412dc0,ce5dccf5a0f190bb4567a2fd93e7971e
4af4d559f964a520b1f621e3,ce5dccf5a0f190bb4567a2fd93e7971e
5ad144b282a7501ecaf85e10,ce5dccf5a0f190bb4567a2fd93e7971e
615b64a5335bcd3b39a801b1,ce5dccf5a0f190bb4567a2fd93e7971e
5c3945e7724750002d776a04,ce5dccf5a0f190bb4567a2fd93e7971e
5b9f0fba9e0d540039810639,ce5dccf5a0f190bb4567a2fd93e7971e
622c18560671ce24711ad20c,ce5dccf5a0f190bb4567a2fd93e7971e
5eb9f15f2e9d4f00089dd4df,ce5dccf5a0f190bb4567a2fd93e7971e
5bfee70360d11b002c6c95ed,ce5dccf5a0f190bb4567a2fd93e7971e
5a96134cc876c82d6b2b5d67,ce5dccf5a0f190bb4567a2fd93e7971e
569c3392c7ab4430c56168ae,ce5dccf5a0f190bb4567a2fd93e7971e
1d68c03eb8d34d3208aab1e9,ce5dccf5a0f190bb4567a2fd93e7971e
115eb044d3804408a28c86e9,ce5dccf5a0f190bb4567a2fd93e7971e
983ebbb0a6694bd7258b18da,ce5dccf5a0f190bb4567a2fd93e7971e
fdb53dc0b6784badd036e34f,ce5dccf5a0f190bb4567a2fd93e7971e
1083d8ac72c54d3931a57454,ce5dccf5a0f190bb4567a2fd93e7971e
4bd753c80b779c741ae904a0,1d442ad1a71774c82688a45954e47bfd
59711b4f6fa81f7095c7fb66,1d442ad1a71774c82688a45954e47bfd
4bf06363f45ec92858c9933c,1d442ad1a71774c82688a45954e47bfd
4b2d62adf964a5208bd524e3,1d442ad1a71774c82688a45954e47bfd
4b197afef964a5201cde23e3,1d442ad1a71774c82688a45954e47bfd
50fdf001e4b04cff0384ba89,1d442ad1a71774c82688a45954e47bfd
bf62802fe4ec69d073a83ccb,1d442ad1a71774c82688a45954e47bfd
4aac6f3ef964a520f05d20e3,3367c1e1dbf73caf7c10e4c96a92f58d
5509ef63498e9ecb263777ab,3367c1e1dbf73caf7c10e4c96a92f58d
4b3902ecf964a520335425e3,3367c1e1dbf73caf7c10e4c96a92f58d
4aa73aa6f964a520654c20e3,3367c1e1dbf73caf7c10e4c96a92f58d
603186f2c2ac9a2bc72cfe74,3367c1e1dbf73caf7c10e4c96a92f58d
4b885a56f964a5207bf131e3,3367c1e1dbf73caf7c10e4c96a92f58d
4c5b5582d25320a18d69c07a,3367c1e1dbf73caf7c10e4c96a92f58d
4aa74399f964a520874c20e3,3367c1e1dbf73caf7c10e4c96a92f58d
62aba59049bfe6193d4feb3a,3367c1e1dbf73caf7c10e4c96a92f58d
5fc836f1542ed2502c83e440,3367c1e1dbf73caf7c10e4c96a92f58d
4bb0dd20f964a5205a643ce3,3367c1e1dbf73caf7c10e4c96a92f58d
4d47b72b551db1f7dd6d9b30,3367c1e1dbf73caf7c10e4c96a92f58d
5cabf75464c8e1002cca9ad5,3367c1e1dbf73caf7c10e4c96a92f58d
4d7150621c01b60c5fd212c7,3367c1e1dbf73caf7c10e4c96a92f58d
a777943e2330444ecdad3108,3367c1e1dbf73caf7c10e4c96a92f58d
be120bd20d0e49ef2877f6e3,3367c1e1dbf73caf7c10e4c96a92f58d
4ea6edc62a3f4fb3411c82d8,3367c1e1dbf73caf7c10e4c96a92f58d
4a2c3f6516e344cc25efa6b4,3367c1e1dbf73caf7c10e4c96a92f58d
4aa81803f964a520454f20e3,e9b37f2d9b7b2e2e3ade73f13acb69b2
598b63f946e1b670969fce47,e9b37f2d9b7b2e2e3ade73f13acb69b2
4aaa9910f964a520875620e3,e9b37f2d9b7b2e2e3ade73f13acb69b2
4aa7b956f964a5200b4d20e3,e9b37f2d9b7b2e2e3ade73f13acb69b2
558a158b498ecbc9ee873953,e9b37f2d9b7b2e2e3ade73f13acb69b2
60e0c42f0e501b1ba849028b,e9b37f2d9b7b2e2e3ade73f13acb69b2
4029c5337c5542f21f254e7d,e9b37f2d9b7b2e2e3ade73f13acb69b2
6818359270f843ade6288a5f,e9b37f2d9b7b2e2e3ade73f13acb69b2
9b70777073364d01f732064f,e9b37f2d9b7b2e2e3ade73f13acb69b2
29738769f1a343bdeb735ad4,e9b37f2d9b7b2e2e3ade73f13acb69b2
9d768e3d9d8c47bf0716f255,e9b37f2d9b7b2e2e3ade73f13acb69b2
95e710ee2fca4831733c7167,e9b37f2d9b7b2e2e3ade73f13acb69b2
b2abef57e7e7445493db453f,e9b37f2d9b7b2e2e3ade73f13acb69b2
1c44dfc371f84aef6aedc294,e9b37f2d9b7b2e2e3ade73f13acb69b2
518960a9498ea7adf1441495,fffd87607aaae16fbb1f71615cbe7d17
5646ab13498e460c732920e8,da8b6e94f90ad41a3f8de10596992372
50a6d03f29a6ae018b3f7fe0,da8b6e94f90ad41a3f8de10596992372
4aa815a0f964a520344f20e3,da8b6e94f90ad41a3f8de10596992372
54950f91498e505982dc3683,da8b6e94f90ad41a3f8de10596992372
56611a1a498efeaff6226ba1,da8b6e94f90ad41a3f8de10596992372
4aaaf960f964a520575820e3,da8b6e94f90ad41a3f8de10596992372
5613530b498ea051161f8998,da8b6e94f90ad41a3f8de10596992372
4bd4fae529eb9c7406c492e1,da8b6e94f90ad41a3f8de10596992372
4afb18aaf964a520221b22e3,da8b6e94f90ad41a3f8de10596992372
52f3eb5b498e301b738db83a,da8b6e94f90ad41a3f8de10596992372
548bb931498e031a7dad39a6,da8b6e94f90ad41a3f8de10596992372
4afa294cf964a5201e1722e3,da8b6e94f90ad41a3f8de10596992372
4b6e41aaf964a5209ab42ce3,da8b6e94f90ad41a3f8de10596992372
58cc471c4e31c532f4cf9011,da8b6e94f90ad41a3f8de10596992372
4ae3ba88f964a520809821e3,da8b6e94f90ad41a3f8de10596992372
5a527d939411f2779e45f2ba,da8b6e94f90ad41a3f8de10596992372
5781bbbe498e9779ec41b7d0,da8b6e94f90ad41a3f8de10596992372
59ac511c037be17f2b9b4982,da8b6e94f90ad41a3f8de10596992372
5d8189ed153d7800081308bd,da8b6e94f90ad41a3f8de10596992372
5d659065ffbacb0008a01cf5,da8b6e94f90ad41a3f8de10596992372
57a2aa6d498e39ed4c1de8f7,da8b6e94f90ad41a3f8de10596992372
4b501e3ef964a520061d27e3,da8b6e94f90ad41a3f8de10596992372
523f9e0e11d22f1cfd3c2e8d,da8b6e94f90ad41a3f8de10596992372
5de72d661a9c7d000841803c,da8b6e94f90ad41a3f8de10596992372
2702cfe832ed453f7544ce95,da8b6e94f90ad41a3f8de10596992372
b4b3bc42e0264cb6c95ab4e4,da8b6e94f90ad41a3f8de10596992372
170974508684437d4ef2fdab,da8b6e94f90ad41a3f8de10596992372
8b404c4a15244b8c46cef389,da8b6e94f90ad41a3f8de10596992372
0a1ce696e77d4761aaca3e97,da8b6e94f90ad41a3f8de10596992372
4aaec434f964a520346320e3,32f70f7ae14ba87523c6286a6c4d5c37
4aa7ed88f964a5200b4e20e3,32f70f7ae14ba87523c6286a6c4d5c37
53c32265498e7aa07942e9c1,32f70f7ae14ba87523c6286a6c4d5c37
4aa82e4bf964a520de4f20e3,32f70f7ae14ba87523c6286a6c4d5c37
4aac67b3f964a520d95d20e3,32f70f7ae14ba87523c6286a6c4d5c37
5a0cf72a3d479150f4bf65ba,32f70f7ae14ba87523c6286a6c4d5c37
5d1d64f5e7e5fc00239f129d,32f70f7ae14ba87523c6286a6c4d5c37
4aa74e0df964a520a64c20e3,32f70f7ae14ba87523c6286a6c4d5c37
5154ff1fe4b0859ca049d0c6,32f70f7ae14ba87523c6286a6c4d5c37
623688d89f209c3b4a42a569,32f70f7ae14ba87523c6286a6c4d5c37
4dc0bf2c7d8bf48713b37c92,32f70f7ae14ba87523c6286a6c4d5c37
249f044c4c4349f2f1aa3037,32f70f7ae14ba87523c6286a6c4d5c37
15d984d3eb85413d0491c60a,32f70f7ae14ba87523c6286a6c4d5c37
668981d6b42843af91361b7b,32f70f7ae14ba87523c6286a6c4d5c37
5d351533c9759600073a93dc,df5ab349a7a85d4b10da4cc3ec65c607
6158d22adfe7f9220b163a51,e0318460138ffbf4692005d5b5a9f900
4aa74c7bf964a520a34c20e3,db51c556fe50ec1deefbc9697c70cb51
55e4c9f1498ef3f9eda26716,db51c556fe50ec1deefbc9697c70cb51
4aabf3dbf964a520255b20e3,db51c556fe50ec1deefbc9697c70cb51
fba2f5052db64d35bcbb4ca8,db51c556fe50ec1deefbc9697c70cb51
d41f3916b03048d6d35acf34,db51c556fe50ec1deefbc9697c70cb51
4d8bcaf36eb360fcd405161e,58a026f0c506caec20697a4f90538450
56a8fbd6498e80ba3f11b798,0e0aef6fabaa808b3a3cef24657257a4
4aa7f6f2f964a520464e20e3,0e0aef6fabaa808b3a3cef24657257a4
4b182f85f964a52085ce23e3,0e0aef6fabaa808b3a3cef24657257a4
4aa80138f964a520a64e20e3,0e0aef6fabaa808b3a3cef24657257a4
4c96f06d72dd224bbab6b091,0e0aef6fabaa808b3a3cef24657257a4
5fa4d37ab9755669c26524ea,0e0aef6fabaa808b3a3cef24657257a4
510b1603e4b0607cda141579,90c746df94ce1a12f1f617acfe4a8ce3
5bba5b613149b9002c1e480b,90c746df94ce1a12f1f617acfe4a8ce3
4aaaf960f964a520575820e3,90c746df94ce1a12f1f617acfe4a8ce3
53f8e5b6498e31b96a915e64,90c746df94ce1a12f1f617acfe4a8ce3
4aa7fb50f964a5207b4e20e3,90c746df94ce1a12f1f617acfe4a8ce3
4aa801e0f964a520ab4e20e3,90c746df94ce1a12f1f617acfe4a8ce3
4bd4fae529eb9c7406c492e1,90c746df94ce1a12f1f617acfe4a8ce3
58cc471c4e31c532f4cf9011,90c746df94ce1a12f1f617acfe4a8ce3
4ab3df1df964a520d86e20e3,90c746df94ce1a12f1f617acfe4a8ce3
4c2d6b124e132d7fc3819cdf,90c746df94ce1a12f1f617acfe4a8ce3
5a527d939411f2779e45f2ba,90c746df94ce1a12f1f617acfe4a8ce3
621be58c1842953d0266091c,90c746df94ce1a12f1f617acfe4a8ce3
53e473b2498e59eb2d12b380,90c746df94ce1a12f1f617acfe4a8ce3
52eb023b11d2d36818b5e928,90c746df94ce1a12f1f617acfe4a8ce3
613dfffcfcd9f4263a719c40,90c746df94ce1a12f1f617acfe4a8ce3
5b47ee4231fd14002c01b816,90c746df94ce1a12f1f617acfe4a8ce3
603ececbb80ab26e9db2510c,90c746df94ce1a12f1f617acfe4a8ce3
523f9e0e11d22f1cfd3c2e8d,90c746df94ce1a12f1f617acfe4a8ce3
5edc44dec19436000841859c,90c746df94ce1a12f1f617acfe4a8ce3
4b63d9e6f964a52049942ae3,90c746df94ce1a12f1f617acfe4a8ce3
5de72d661a9c7d000841803c,90c746df94ce1a12f1f617acfe4a8ce3
65660d5dd0b24875037c1bea,90c746df94ce1a12f1f617acfe4a8ce3
ecf53dfc8ad74251872f9c22,90c746df94ce1a12f1f617acfe4a8ce3
a8bec6602eb54a20e45becde,90c746df94ce1a12f1f617acfe4a8ce3
a258f9c064b143941e0c3330,90c746df94ce1a12f1f617acfe4a8ce3
f6398730ef634a6770c146d3,90c746df94ce1a12f1f617acfe4a8ce3
aa8b289febbf472f97c12021,90c746df94ce1a12f1f617acfe4a8ce3
008e8ed20ca546fbbcea8c35,90c746df94ce1a12f1f617acfe4a8ce3
c37854b5afbd476594b09794,90c746df94ce1a12f1f617acfe4a8ce3
8b404c4a15244b8c46cef389,90c746df94ce1a12f1f617acfe4a8ce3
b4b3bc42e0264cb6c95ab4e4,90c746df94ce1a12f1f617acfe4a8ce3
170974508684437d4ef2fdab,90c746df94ce1a12f1f617acfe4a8ce3
a6a36f3120d64dfe0f5b3d2e,90c746df94ce1a12f1f617acfe4a8ce3
4abfcaf5f964a5203c9220e3,1d7e73b3321ebb6713774d376247d9f9
4aa75933f964a520bf4c20e3,1d7e73b3321ebb6713774d376247d9f9
4ad008e2f964a5205fd720e3,1d7e73b3321ebb6713774d376247d9f9
50527ea7e4b0588850a3fbab,1d7e73b3321ebb6713774d376247d9f9
4b66044ff964a520a40e2be3,1d7e73b3321ebb6713774d376247d9f9
4be8674c947820a1a3dcb4db,1d7e73b3321ebb6713774d376247d9f9
4aada3cff964a5201d6120e3,1d7e73b3321ebb6713774d376247d9f9
5b4e9f756bd36b002cebafb8,1d7e73b3321ebb6713774d376247d9f9
5f78f71dee61ef117f87314d,1d7e73b3321ebb6713774d376247d9f9
5b4e9037c9a517002cd3753d,1d7e73b3321ebb6713774d376247d9f9
5b65160ac03635002c2ce08c,1d7e73b3321ebb6713774d376247d9f9
552499b1498e8396bd7082d2,1d7e73b3321ebb6713774d376247d9f9
5e645a0e0b66dc00082892ac,1d7e73b3321ebb6713774d376247d9f9
50fc78f4e4b020b565a97c05,1d7e73b3321ebb6713774d376247d9f9
6258854dbf92f7404dc513e0,1d7e73b3321ebb6713774d376247d9f9
633648bf5102e614a125765e,1d7e73b3321ebb6713774d376247d9f9
54d57947498e2290e6924560,1d7e73b3321ebb6713774d376247d9f9
0ca8137d85d34dc22b88c522,1d7e73b3321ebb6713774d376247d9f9
080f755196184476fa46c840,1d7e73b3321ebb6713774d376247d9f9
41c2622789f741e658872d01,1d7e73b3321ebb6713774d376247d9f9
4c426d42520fa5939949cbac,5de0fe55497681d4cc9dd25509cf51ab
4f04cf95c5128dfde90ff6a9,5de0fe55497681d4cc9dd25509cf51ab
4ace95e0f964a52051d120e3,2681455ba2d97283998a806b14d3e95c
551074d8498ed654c625740e,2681455ba2d97283998a806b14d3e95c
4c8c0b54ed3ab60c54296421,2681455ba2d97283998a806b14d3e95c
a4d710a9780a4e775effb6dd,2681455ba2d97283998a806b14d3e95c
554ae8d0498efd51145bb5ba,064a7b39b1dbc4bfc4cf8f454e360c57
620489a5193ca25cbbbc4103,064a7b39b1dbc4bfc4cf8f454e360c57
4aa9a423f964a520a65420e3,9c1397c06e07bf74fc049f1a0872eea0
52324563498e06224eadbbc2,9c1397c06e07bf74fc049f1a0872eea0
4f878c5be4b0ab5c86346ad8,9c1397c06e07bf74fc049f1a0872eea0
4af39538f964a520bcee21e3,9c1397c06e07bf74fc049f1a0872eea0
4bc1015374a9a5933a26d1f6,9c1397c06e07bf74fc049f1a0872eea0
4abe6a40f964a5206c8d20e3,9c1397c06e07bf74fc049f1a0872eea0
4b85ddc2f964a520f97631e3,9c1397c06e07bf74fc049f1a0872eea0
4aa7f754f964a520484e20e3,9c1397c06e07bf74fc049f1a0872eea0
4aafc5dcf964a520ad6420e3,9c1397c06e07bf74fc049f1a0872eea0
4aa6a91df964a520864a20e3,9c1397c06e07bf74fc049f1a0872eea0
8d1036a168d84bcf5f757197,9c1397c06e07bf74fc049f1a0872eea0
12b0634f0d5544df0f1d8264,9c1397c06e07bf74fc049f1a0872eea0
ee4a370766fc429ff621585d,9c1397c06e07bf74fc049f1a0872eea0
176f8abd02594590ca298ad6,9c1397c06e07bf74fc049f1a0872eea0
df50e2791d8443e7cec4c1cf,9c1397c06e07bf74fc049f1a0872eea0
4aa7e94cf964a520f64d20e3,9763838317308a4766b83696986a157b
4d7c1fd1da568cfa8bf35fff,9763838317308a4766b83696986a157b
62aaaa77a6253e3608e6bed8,9763838317308a4766b83696986a157b
662975e8e38d4350c41ccd27,9763838317308a4766b83696986a157b
4ad25114f964a520e0e020e3,c64ee19c62a363019ddbaedf71df2882
5463d301498eda544d08023c,c64ee19c62a363019ddbaedf71df2882
5bbfa5c7180b91002c8d60c2,c64ee19c62a363019ddbaedf71df2882
55e3a0e5498e34b618dbbc06,c64ee19c62a363019ddbaedf71df2882
5cf876cc06fb60002c7eee3f,c64ee19c62a363019ddbaedf71df2882
5fb9ab8559421923cb9c3877,c64ee19c62a363019ddbaedf71df2882
146a29f1511a46434ec0c30c,c64ee19c62a363019ddbaedf71df2882
5c3b9208646e38002cdb1141,421516af381a11f54d07fc79be68d3d3
4aa8005bf964a520a24e20e3,6d42fa40360f9a6b2bf641c7b8bb2862
571f842a498e10fa3180d4cd,6d42fa40360f9a6b2bf641c7b8bb2862
54541059498ee281f01f31bd,6d42fa40360f9a6b2bf641c7b8bb2862
5046578ae4b03314a3eeb5ef,6d42fa40360f9a6b2bf641c7b8bb2862
4aa6bf0df964a520e84a20e3,6d42fa40360f9a6b2bf641c7b8bb2862
601cdbab8a05452ed3c80e3d,6d42fa40360f9a6b2bf641c7b8bb2862
94d344e3baa78e398f133944,6d42fa40360f9a6b2bf641c7b8bb2862
27b19d05b4d342030791215b,6d42fa40360f9a6b2bf641c7b8bb2862
56d4011c7242408e3abd37b3,6d42fa40360f9a6b2bf641c7b8bb2862
5af12891a5a315002c9b99c0,664502c28e8147615f17b8ea355f40d0
5787d8ba498e25da10f9f43d,664502c28e8147615f17b8ea355f40d0
2042741bc44c4b8d67f65d96,664502c28e8147615f17b8ea355f40d0
5c921c4ac15446eddef55209,664502c28e8147615f17b8ea355f40d0
f86bd337967049c4f668e178,664502c28e8147615f17b8ea355f40d0
0ffde272073d423ce3bcc39b,664502c28e8147615f17b8ea355f40d0
4ae9e104f964a5203eb721e3,abfaf72456a4828a22f5bf60d3a80777
5b92ba99c9a517002cd11e9e,abfaf72456a4828a22f5bf60d3a80777
5e6d35c49ce20d0008744a09,ea9485fcdce0611243474d000e4ad248
503a5effe4b0c6f193940f26,ea9485fcdce0611243474d000e4ad248
4fa497b2e4b052ea290b8176,ea9485fcdce0611243474d000e4ad248
59e2bb22002f4c4049c0597a,ea9485fcdce0611243474d000e4ad248
4adbdddff964a520ec2a21e3,ea9485fcdce0611243474d000e4ad248
4aa8042df964a520bd4e20e3,ea9485fcdce0611243474d000e4ad248
4aaae6a3f964a520ef5720e3,ea9485fcdce0611243474d000e4ad248
58d6d666fa7ed05be69e9e9b,ea9485fcdce0611243474d000e4ad248
62926dbd93e41f7dda18bec0,ea9485fcdce0611243474d000e4ad248
4ab439bdf964a520797020e3,ea9485fcdce0611243474d000e4ad248
4b46551ef964a520dc1d26e3,ea9485fcdce0611243474d000e4ad248
537ebfdd498e3b3229a06366,ea9485fcdce0611243474d000e4ad248
5457ed84498ec5170a526eaf,ea9485fcdce0611243474d000e4ad248
4aad549ff964a520bb5f20e3,ea9485fcdce0611243474d000e4ad248
5529bfc6498e49883b74ecb4,ea9485fcdce0611243474d000e4ad248
43e96cebde9d4233184520e1,ea9485fcdce0611243474d000e4ad248
85db9b84ecb247b73e1c2a52,ea9485fcdce0611243474d000e4ad248
8ef098839c2341bdb689cf22,ea9485fcdce0611243474d000e4ad248
68dbe478a9284507ae3c4b71,ea9485fcdce0611243474d000e4ad248
4ac38331f964a520979b20e3,671ce9e4a92063620f772d2c57f0f3ab
4abee249f964a5206a9020e3,671ce9e4a92063620f772d2c57f0f3ab
5d29827cf5c8330023780aff,671ce9e4a92063620f772d2c57f0f3ab
5e27ecc49309440008cb03ae,89a0b49a66e54a7639ad960962148a3e
7d6ef0b8602745697a2e336c,89a0b49a66e54a7639ad960962148a3e
4b4be83af964a520fdaa26e3,6c24a62b5ee0a2a8014eb0dfb6d40025
595bfcb4a9fe12131dd57527,6c24a62b5ee0a2a8014eb0dfb6d40025
4e68206a8877085d2852133b,6c24a62b5ee0a2a8014eb0dfb6d40025
4b4d505df964a52095d026e3,6c24a62b5ee0a2a8014eb0dfb6d40025
5747390b498eb02f22c63f2e,6c24a62b5ee0a2a8014eb0dfb6d40025
4adbf332f964a520262b21e3,6c24a62b5ee0a2a8014eb0dfb6d40025
4aa95b20f964a520405320e3,6c24a62b5ee0a2a8014eb0dfb6d40025
58c70574d43907129d35bc6d,6c24a62b5ee0a2a8014eb0dfb6d40025
4b7e0400f964a52026df2fe3,6c24a62b5ee0a2a8014eb0dfb6d40025
5578ea98498ee0bdb061c628,6c24a62b5ee0a2a8014eb0dfb6d40025
4ab5916ff964a5206c7520e3,6c24a62b5ee0a2a8014eb0dfb6d40025
6151128a106a9e0d20f96157,6c24a62b5ee0a2a8014eb0dfb6d40025
4bf83af85efe2d7fba626a34,6c24a62b5ee0a2a8014eb0dfb6d40025
a3905d3303ec4662dc8a31c3,6c24a62b5ee0a2a8014eb0dfb6d40025
ae95cf633a774b8278d1b137,6c24a62b5ee0a2a8014eb0dfb6d40025
3cf5c987fb764ad43724298c,6c24a62b5ee0a2a8014eb0dfb6d40025
1be206e5476d4aabef4d31a6,6c24a62b5ee0a2a8014eb0dfb6d40025
a54e86e6e5f140aa9d67b31a,6c24a62b5ee0a2a8014eb0dfb6d40025
4b4a2eaaf964a520af7d26e3,44fc3d58831a9f2b919c7a3a1838b74a
514cc33ae4b0cbb5ebe906ed,4990fe5772f3b73eebeec125b41e478e
4bbe5ae582a2ef3bf2382bd2,4990fe5772f3b73eebeec125b41e478e
6078a8f25143892cb9e9c954,4990fe5772f3b73eebeec125b41e478e
4ca4e506f47ea143584b5221,4990fe5772f3b73eebeec125b41e478e
4ac64304f964a5206db320e3,4990fe5772f3b73eebeec125b41e478e
5ec1729cd0be34000762fb73,4990fe5772f3b73eebeec125b41e478e
9a8df93d40034c06f9e940b9,4990fe5772f3b73eebeec125b41e478e
523871de11d2c5fc2ec832a1,bf96df77771ef0ed710d8e0e67917f45
5ba9958535d3fc003903abcc,bf96df77771ef0ed710d8e0e67917f45
604859d906d2a567129f63d3,e75e83499d3fa2e174dc2a8ffd238119
4b946504f964a520947734e3,e75e83499d3fa2e174dc2a8ffd238119
4abbf55cf964a520ae8520e3,e75e83499d3fa2e174dc2a8ffd238119
597418f115173e2ac2644b47,e75e83499d3fa2e174dc2a8ffd238119
4ac6a6dff964a520a5b520e3,e75e83499d3fa2e174dc2a8ffd238119
4afa7953f964a520ec1722e3,e75e83499d3fa2e174dc2a8ffd238119
4abad180f964a520108320e3,e75e83499d3fa2e174dc2a8ffd238119
51b3e9fd498edc9cb202bada,e75e83499d3fa2e174dc2a8ffd238119
56ff4fa6498e3f0ebdbdbfe1,e75e83499d3fa2e174dc2a8ffd238119
5f03a449620ed061bb7493b8,e75e83499d3fa2e174dc2a8ffd238119
602dd2158f3fbb0da5b579a5,e75e83499d3fa2e174dc2a8ffd238119
5e2e693517ff6400083267ca,e75e83499d3fa2e174dc2a8ffd238119
5bc42e0bda5ede002cc5c121,e75e83499d3fa2e174dc2a8ffd238119
60b2d8cbc694b97103cb8a0c,e75e83499d3fa2e174dc2a8ffd238119
7c19d9c1af2e4498cc2ed62c,e75e83499d3fa2e174dc2a8ffd238119
17f2d6789de14b63743943b4,e75e83499d3fa2e174dc2a8ffd238119
72bf4e0bf4c24926154b4711,e75e83499d3fa2e174dc2a8ffd238119
0325b4b3ff1a496e0503c538,e75e83499d3fa2e174dc2a8ffd238119
26b014175e054ff7c957cdf1,e75e83499d3fa2e174dc2a8ffd238119
0cf26ad97e8b40b5d624c3ce,e75e83499d3fa2e174dc2a8ffd238119
89a5ce4546e3416642b6df4a,e75e83499d3fa2e174dc2a8ffd238119
4b946504f964a520947734e3,0438114d2e6b96118de69bc9775bb21e
4c773251f2473704719c65eb,0438114d2e6b96118de69bc9775bb21e
4abbf55cf964a520ae8520e3,0438114d2e6b96118de69bc9775bb21e
4ac6a6dff964a520a5b520e3,0438114d2e6b96118de69bc9775bb21e
4abad180f964a520108320e3,0438114d2e6b96118de69bc9775bb21e
51b3e9fd498edc9cb202bada,0438114d2e6b96118de69bc9775bb21e
56ff4fa6498e3f0ebdbdbfe1,0438114d2e6b96118de69bc9775bb21e
5f03a449620ed061bb7493b8,0438114d2e6b96118de69bc9775bb21e
602dd2158f3fbb0da5b579a5,0438114d2e6b96118de69bc9775bb21e
5e2e693517ff6400083267ca,0438114d2e6b96118de69bc9775bb21e
5bc42e0bda5ede002cc5c121,0438114d2e6b96118de69bc9775bb21e
26b014175e054ff7c957cdf1,0438114d2e6b96118de69bc9775bb21e
7c19d9c1af2e4498cc2ed62c,0438114d2e6b96118de69bc9775bb21e
0cf26ad97e8b40b5d624c3ce,0438114d2e6b96118de69bc9775bb21e
52ae4f3c11d227ba4f4b055a,07b13214cb69f2ec007d888450f3d6bc
4aa82865f964a520b34f20e3,07b13214cb69f2ec007d888450f3d6bc
4c47a56896abd13a8eb47101,07b13214cb69f2ec007d888450f3d6bc
5e1e5c46568f980008a9fad9,07b13214cb69f2ec007d888450f3d6bc
89795ebbd0664afe36d82fe9,07b13214cb69f2ec007d888450f3d6bc
13d33468ef3247459f0214b8,07b13214cb69f2ec007d888450f3d6bc
5851f5b5297c16529dd5cf93,f5e8fa1fc4252bda2f93dd27ed2d603f
4aa97328f964a520b45320e3,f5e8fa1fc4252bda2f93dd27ed2d603f
52af9df1498e9ed2ad4ad500,f5e8fa1fc4252bda2f93dd27ed2d603f
58fe81bfc9f9076bbbf5bfa1,f5e8fa1fc4252bda2f93dd27ed2d603f
4aa97604f964a520c65320e3,f5e8fa1fc4252bda2f93dd27ed2d603f
5968495bbcbf7a5c8a65f56d,f5e8fa1fc4252bda2f93dd27ed2d603f
5afe50e7aa6c95002caf3675,f5e8fa1fc4252bda2f93dd27ed2d603f
50fc78f4e4b020b565a97c05,f5e8fa1fc4252bda2f93dd27ed2d603f
5f7a1ff398df6d72aa1bcfce,f5e8fa1fc4252bda2f93dd27ed2d603f
4ad6701ef964a520300721e3,f5e8fa1fc4252bda2f93dd27ed2d603f
5f78f71dee61ef117f87314d,f5e8fa1fc4252bda2f93dd27ed2d603f
41c2622789f741e658872d01,f5e8fa1fc4252bda2f93dd27ed2d603f
0ca8137d85d34dc22b88c522,f5e8fa1fc4252bda2f93dd27ed2d603f
58132714307142b449ce39da,f5e8fa1fc4252bda2f93dd27ed2d603f
4dbb17935da3ff58ec28adc9,c2a9c5d0e4578b928554c86f3d2c1162
4aafd980f964a520e86420e3,c2a9c5d0e4578b928554c86f3d2c1162
5929eeabc21cb17f3424a0bf,c2a9c5d0e4578b928554c86f3d2c1162
582655cc2db9f34c9dba2e7a,c2a9c5d0e4578b928554c86f3d2c1162
4aa7e4ebf964a520e84d20e3,c2a9c5d0e4578b928554c86f3d2c1162
4aa81513f964a5202e4f20e3,c2a9c5d0e4578b928554c86f3d2c1162
4c23a8f3f1272d7f67c981c5,c2a9c5d0e4578b928554c86f3d2c1162
4aa9a524f964a520ae5420e3,5f45325fdd6334a4c0d3b62853b19fa6
5b29b2bafe63bd002c253c49,5f45325fdd6334a4c0d3b62853b19fa6
4aa9614ff964a520615320e3,5f45325fdd6334a4c0d3b62853b19fa6
4acced76f964a52015ca20e3,5f45325fdd6334a4c0d3b62853b19fa6
4aa89d0df964a520a65120e3,5f45325fdd6334a4c0d3b62853b19fa6
4beb024e6295c9b62d298708,5f45325fdd6334a4c0d3b62853b19fa6
530272b5498ebf98dce9de5d,5f45325fdd6334a4c0d3b62853b19fa6
4ad50d9cf964a520870121e3,5f45325fdd6334a4c0d3b62853b19fa6
62e7f57d8cd81b5c81e2ab56,5f45325fdd6334a4c0d3b62853b19fa6
52eabc15498e7977c643be04,5f45325fdd6334a4c0d3b62853b19fa6
4d5c2eea524fa35d96c14635,5f45325fdd6334a4c0d3b62853b19fa6
56fd8201498e01c863d68502,5f45325fdd6334a4c0d3b62853b19fa6
4d6d7092cb0eb1f7f73faca0,5f45325fdd6334a4c0d3b62853b19fa6
52ec0c19498e6ec4bad9b3eb,5f45325fdd6334a4c0d3b62853b19fa6
595d4c789ec3991d3cb3dc1d,5f45325fdd6334a4c0d3b62853b19fa6
52c7264911d27bd55458be5a,5f45325fdd6334a4c0d3b62853b19fa6
55734e93498e907e6b20d811,5f45325fdd6334a4c0d3b62853b19fa6
631524736d69783691fe4bd6,5f45325fdd6334a4c0d3b62853b19fa6
4cd418ab5fffa090f2570afb,5f45325fdd6334a4c0d3b62853b19fa6
5e2254e52fd72200079a4346,5f45325fdd6334a4c0d3b62853b19fa6
2186c30c251548c83b1cb4e7,5f45325fdd6334a4c0d3b62853b19fa6
b75a58b1764a4815ee36208a,5f45325fdd6334a4c0d3b62853b19fa6
dbd91e31968545548e0c6633,5f45325fdd6334a4c0d3b62853b19fa6
690b6cdd854c45284cd43dcb,5f45325fdd6334a4c0d3b62853b19fa6
56f700b3498ef05dcb4d26c5,fad9ebcf614dd1a72593a34072ff76f8
588bcc59dfa6ff720232a082,fad9ebcf614dd1a72593a34072ff76f8
4c22e99a9a67a5939a53dd87,fad9ebcf614dd1a72593a34072ff76f8
4b43b70af964a52068e725e3,fad9ebcf614dd1a72593a34072ff76f8
63222078ac1af96c13dc9bd9,fad9ebcf614dd1a72593a34072ff76f8
4aca0ebff964a52058c020e3,fad9ebcf614dd1a72593a34072ff76f8
aa7f263d9ed44019a6b91fcb,fad9ebcf614dd1a72593a34072ff76f8
5d1c0f178132b9002350bb69,bede4b24dae115d4cd43d2e6cc9812cb
4bcb6f5db6c49c743b389291,bede4b24dae115d4cd43d2e6cc9812cb
4ba3aa38f964a520bc5138e3,680b1ddfd50c4397b365c9c00f09b0d1
61984db7275c58364370f332,6620c54bd6b3a79800b2b67e999b24d0
737444891c7a40c486fcf764,6620c54bd6b3a79800b2b67e999b24d0
539cfd6f498e2eba5818d2e7,7f091b50fbbd892bf9fb869a64c47120
4b5f6cd8f964a52090b929e3,7f091b50fbbd892bf9fb869a64c47120
5b01f0df16fa04003926d021,7f091b50fbbd892bf9fb869a64c47120
f2e09665c70a43b3fd3ec160,7f091b50fbbd892bf9fb869a64c47120
4ac59991f964a5205bb220e3,3a4131fa94946d93d3529136efd62413
4ad60ac2f964a520b60421e3,3a4131fa94946d93d3529136efd62413
61e4d59aff3f2063e46c4b83,3a4131fa94946d93d3529136efd62413
50135fe6e4b0ad6ab24d7c84,b530d04d393d71cffb8b8b07f4a82380
4e5c48f845dd045aab4d05c0,b530d04d393d71cffb8b8b07f4a82380
4ba6f3aef964a520827939e3,7c17f51469f1a7145455f65ef6afbd87
4b60ad09f964a52088f329e3,7c17f51469f1a7145455f65ef6afbd87
5ad2551b249623753f85ffb3,7c17f51469f1a7145455f65ef6afbd87
4ae7afb2f964a52058ad21e3,549f00f6039e8bb702a00dcca08a8ed0
5bfaf557d1a402002c3c369a,549f00f6039e8bb702a00dcca08a8ed0
55b2fcbf498e0dc05d4ccbea,0c42f45e4a14957ad4a6d521d0ba8bc3
4aa97571f964a520c25320e3,0c42f45e4a14957ad4a6d521d0ba8bc3
4ad687d0f964a520aa0721e3,0c42f45e4a14957ad4a6d521d0ba8bc3
4d6f25d2b73bb1f7880aa772,0c42f45e4a14957ad4a6d521d0ba8bc3
571acef5498ef2ba25307bd9,0c42f45e4a14957ad4a6d521d0ba8bc3
5e66f3f8b8d4ed00070197c6,0c42f45e4a14957ad4a6d521d0ba8bc3
5cbb8311c824ae002cf86a39,0c42f45e4a14957ad4a6d521d0ba8bc3
625f10ed1c8b0f5cb3fe9c3e,0c42f45e4a14957ad4a6d521d0ba8bc3
4aa75ceaf964a520c84c20e3,0c42f45e4a14957ad4a6d521d0ba8bc3
5c5b6e54f8cbd4002c33e40e,0c42f45e4a14957ad4a6d521d0ba8bc3
6136bbd4c1a9d734187875d2,0c42f45e4a14957ad4a6d521d0ba8bc3
5f03ce675bc6ee4ba983d6fc,0c42f45e4a14957ad4a6d521d0ba8bc3
61fc76a431e87873269595dd,0c42f45e4a14957ad4a6d521d0ba8bc3
5e1293349316a70007d7192c,0c42f45e4a14957ad4a6d521d0ba8bc3
565a8110498ecb54a43d894e,0c42f45e4a14957ad4a6d521d0ba8bc3
5b9da7927b385f002c9cca91,0c42f45e4a14957ad4a6d521d0ba8bc3
4cb922cd035d236a2435d24e,0c42f45e4a14957ad4a6d521d0ba8bc3
5da685f691051100084a75b5,0c42f45e4a14957ad4a6d521d0ba8bc3
56776609498ec86115dc37e9,0c42f45e4a14957ad4a6d521d0ba8bc3
5bcabee9e65d0c003953502b,0c42f45e4a14957ad4a6d521d0ba8bc3
ae2c32cf255844b256819569,0c42f45e4a14957ad4a6d521d0ba8bc3
58ecd59815144e3003124797,0c42f45e4a14957ad4a6d521d0ba8bc3
2f31389ec4d846758c6696db,0c42f45e4a14957ad4a6d521d0ba8bc3
f2f7172925724365c6a697a2,0c42f45e4a14957ad4a6d521d0ba8bc3
509ffdfee4b0f56d61d68a87,62a202eb98c0a4b09ba6746f5ee94ab3
61439820005885463d8ffbfd,62a202eb98c0a4b09ba6746f5ee94ab3
4f52e6fbe4b0639bb9d59510,62a202eb98c0a4b09ba6746f5ee94ab3
d713624d971043761cae3734,62a202eb98c0a4b09ba6746f5ee94ab3
4bbe5ae582a2ef3bf2382bd2,a6c6df138cbc97b9f81e7ffbbebdde6f
55515c40498e96daea31c933,a6c6df138cbc97b9f81e7ffbbebdde6f
3e2c90924eaa41aaceb745d9,a6c6df138cbc97b9f81e7ffbbebdde6f
b7958cc4f9da459bd62f53b2,a6c6df138cbc97b9f81e7ffbbebdde6f
4abea310f964a520ff8e20e3,f97d5bf41f35aa181288429fb52e3488
4bb3f20af187a593b1b113f8,f97d5bf41f35aa181288429fb52e3488
4aa73706f964a5204f4c20e3,f97d5bf41f35aa181288429fb52e3488
4aa736a3f964a5204e4c20e3,f97d5bf41f35aa181288429fb52e3488
4b392749f964a5204a5725e3,f97d5bf41f35aa181288429fb52e3488
4f7371cde4b02c6aef5df0ba,f97d5bf41f35aa181288429fb52e3488
5c233121336273003973e1fa,f97d5bf41f35aa181288429fb52e3488
5824e1c32a4e2b39f9bf8c7f,f97d5bf41f35aa181288429fb52e3488
de6ff59a3e464f230ff12166,f97d5bf41f35aa181288429fb52e3488
ca622fffd8284ea77a16092b,f97d5bf41f35aa181288429fb52e3488
c593631c04e74dc72ae0c290,f97d5bf41f35aa181288429fb52e3488
524646a411d25e42600a0877,fef69fb400210d861107a61db954d037
58cc669444587f4e79b47238,fef69fb400210d861107a61db954d037
5047a644e4b0eb12ab776f1b,fef69fb400210d861107a61db954d037
4cc6a9ccd43ba143571675f8,fef69fb400210d861107a61db954d037
4cc6aa3882388cfa391c7d35,fef69fb400210d861107a61db954d037
59d6f43ba423620b885aad77,fef69fb400210d861107a61db954d037
4d3a1bcc6de7721eff25eb49,fef69fb400210d861107a61db954d037
52f6b20711d2fdace445bb48,fef69fb400210d861107a61db954d037
50eb580cd63e1fd33307452f,fef69fb400210d861107a61db954d037
5b64a1f312c8f0002ce06b32,fef69fb400210d861107a61db954d037
61f5b03787001436dbdfca59,fef69fb400210d861107a61db954d037
570d818c498e02855927a56c,fef69fb400210d861107a61db954d037
ceaa3b148a344b1a17c5e8be,fef69fb400210d861107a61db954d037
fc1b91e072fe469b4d4a00fe,fef69fb400210d861107a61db954d037
5e1e5c46568f980008a9fad9,66f873d641d448bd1572ab086665a458
4b77ba28f964a52064a82ee3,f1ca711137cde59e824167a4274df888
4b513a38f964a5200b4827e3,f1ca711137cde59e824167a4274df888
4b48dc96f964a5208d5a26e3,f1ca711137cde59e824167a4274df888
4aac7e9af964a520235e20e3,f1ca711137cde59e824167a4274df888
29d74056c36a4962b9281b45,f1ca711137cde59e824167a4274df888
5ca1d44fcf9141becad5b1e5,f1ca711137cde59e824167a4274df888
7ea8431380f24249bf15ff3a,f1ca711137cde59e824167a4274df888
50c9369de4b0e4eafac99a81,6ddeafa873279951630a00191333c45d
51742960498e908f74206e41,6ddeafa873279951630a00191333c45d
573b2c2e38faeff59fd2ba1e,6ddeafa873279951630a00191333c45d
4f84f7e677169e48de22e5b4,6ddeafa873279951630a00191333c45d
4adfc070f964a520377d21e3,6ddeafa873279951630a00191333c45d
4e94a4cf93ad0ca7b07c1a4d,6ddeafa873279951630a00191333c45d
4ab4257cf964a520127020e3,6ddeafa873279951630a00191333c45d
4bf8e1a04a67c928a32226cf,6ddeafa873279951630a00191333c45d
4aa84621f964a5208e5020e3,6ddeafa873279951630a00191333c45d
58f67279e1f0aa0a2b981d73,6ddeafa873279951630a00191333c45d
4b1c9777f964a5209b0824e3,6ddeafa873279951630a00191333c45d
62185471e15398310a155943,6ddeafa873279951630a00191333c45d
b333420dea7a473cc6a97bcf,6ddeafa873279951630a00191333c45d
6be651de75c74c5d662f11cc,6ddeafa873279951630a00191333c45d
6e646121cdfd426f4f740be7,6ddeafa873279951630a00191333c45d
5ce1a82d2a7ab6002b5398fc,c7b5bec0b2f4ab9a2d3f9d837725620c
4aaabe01f964a5202b5720e3,c7b5bec0b2f4ab9a2d3f9d837725620c
568f04cc498e96ff712718a8,c7b5bec0b2f4ab9a2d3f9d837725620c
5a40908832b61d131d556e90,c7b5bec0b2f4ab9a2d3f9d837725620c
5d9e6f08f8afa70007d7d509,c7b5bec0b2f4ab9a2d3f9d837725620c
5cb26e5b180b91002cf6c92e,c7b5bec0b2f4ab9a2d3f9d837725620c
5d3b5874d7233d0008793295,c7b5bec0b2f4ab9a2d3f9d837725620c
4aa950f2f964a5200d5320e3,b9fd847d53fe45658fee4c46e7f562b8
4aad935df964a520e96020e3,b9fd847d53fe45658fee4c46e7f562b8
4bd33deca8b3a5935075695f,b9fd847d53fe45658fee4c46e7f562b8
5303dae7498e5d1cb5b692ed,b9fd847d53fe45658fee4c46e7f562b8
4abea9f5f964a5202f8f20e3,b9fd847d53fe45658fee4c46e7f562b8
5f3ca62a05559a212bb10681,b9fd847d53fe45658fee4c46e7f562b8
4aaada50f964a520b95720e3,b9fd847d53fe45658fee4c46e7f562b8
4ac3e749f964a520669d20e3,b9fd847d53fe45658fee4c46e7f562b8
4aa6b91bf964a520cf4a20e3,b9fd847d53fe45658fee4c46e7f562b8
5bcf73f92db4a9002ce15b9c,b9fd847d53fe45658fee4c46e7f562b8
6029daee0e6d761a9bb8bdcd,b9fd847d53fe45658fee4c46e7f562b8
5aa6d80b2955137d5d55dd1c,b9fd847d53fe45658fee4c46e7f562b8
62a61aaba5a3fa1939883b92,b9fd847d53fe45658fee4c46e7f562b8
c4387ea9f8014908e037b20c,b9fd847d53fe45658fee4c46e7f562b8
4aa839aef964a520385020e3,c2be5403b1c101e8032cf6696457200e
4d4ccdbefe7fb1f765495542,c2be5403b1c101e8032cf6696457200e
62420c3e68a11571a6be8fb8,c2be5403b1c101e8032cf6696457200e
5cf4eb74cabcff002c2ef9b3,c2be5403b1c101e8032cf6696457200e
61dd5d41f1e33e0a8540066b,c2be5403b1c101e8032cf6696457200e
4ac379f4f964a520729b20e3,71c064fa93cab5f0b7306e6c923b77c4
63110083a53d9d13225c47d1,71c064fa93cab5f0b7306e6c923b77c4
52e3117c498e80bce38c3c3b,96bf713e60bc35cc2feb5fd53a4f3471
4aa6ab95f964a520974a20e3,96bf713e60bc35cc2feb5fd53a4f3471
4b0c9da8f964a520314023e3,96bf713e60bc35cc2feb5fd53a4f3471
be4716e2c16c42c98fedab2a,96bf713e60bc35cc2feb5fd53a4f3471
5a262b3ca6031c4b2e17b288,8dc684732a2a25bdf63ec0ecccee4e6e
52a2824611d291de6b8ad536,8dc684732a2a25bdf63ec0ecccee4e6e
4aa98d22f964a520375420e3,8dc684732a2a25bdf63ec0ecccee4e6e
4d12c84a0ad2f04d420baf54,8dc684732a2a25bdf63ec0ecccee4e6e
4ae7284ff964a520f4a821e3,8dc684732a2a25bdf63ec0ecccee4e6e
4ac7e776f964a5207aba20e3,8dc684732a2a25bdf63ec0ecccee4e6e
84dc77712ccd4fc92a37869f,8dc684732a2a25bdf63ec0ecccee4e6e
d38a83baff014c87f48a4d17,8dc684732a2a25bdf63ec0ecccee4e6e
4c75baefdb52b1f7c5b979dc,485d4d24c803cfde829ab89699fed833
4aa843e0f964a5207f5020e3,485d4d24c803cfde829ab89699fed833
4b16d55ff964a5201dbe23e3,485d4d24c803cfde829ab89699fed833
5aecb62e947c050039251eea,485d4d24c803cfde829ab89699fed833
370fd338f04b4d28624a0c24,485d4d24c803cfde829ab89699fed833
bc783068835d45254ca5d375,485d4d24c803cfde829ab89699fed833
5bc1abd55502495099af78d0,485d4d24c803cfde829ab89699fed833
b3f2067af9fe438413d8d0af,485d4d24c803cfde829ab89699fed833
52ae4f3c11d227ba4f4b055a,686c0fdb962e26e274d81fc286c010dd
57e6d0a2498e8d223bc2af56,686c0fdb962e26e274d81fc286c010dd
4af0ca31f964a52035df21e3,686c0fdb962e26e274d81fc286c010dd
4aa82865f964a520b34f20e3,686c0fdb962e26e274d81fc286c010dd
4bc2aa604cdfc9b6a9749621,686c0fdb962e26e274d81fc286c010dd
4c47a56896abd13a8eb47101,686c0fdb962e26e274d81fc286c010dd
6194486bcfc5a57be287e71f,686c0fdb962e26e274d81fc286c010dd
13d33468ef3247459f0214b8,686c0fdb962e26e274d81fc286c010dd
89795ebbd0664afe36d82fe9,686c0fdb962e26e274d81fc286c010dd
5b7882e95455b2002c6abf1c,0cf6cd1809fa7f510812f5b052f578c4
5bcacf35364d97002cae03a0,0cf6cd1809fa7f510812f5b052f578c4
5158c39fe4b03dbb60d52ad6,0cf6cd1809fa7f510812f5b052f578c4
61c2341b7c4aea191063dcdc,0cf6cd1809fa7f510812f5b052f578c4
4c303a7d3ffc9521f4c28ff5,93c88a18c673e2c72a6afa93d6b89f18
53c4959b498ebad0cc0cdfb4,93c88a18c673e2c72a6afa93d6b89f18
5aa23c3c012358676d8b1aca,93c88a18c673e2c72a6afa93d6b89f18
5a89002646e1b667d127e5c1,93c88a18c673e2c72a6afa93d6b89f18
4aa7d352f964a520684d20e3,93c88a18c673e2c72a6afa93d6b89f18
5c6fc0c3446ea60037c21fd9,93c88a18c673e2c72a6afa93d6b89f18
562d9634498e9070323fd473,93c88a18c673e2c72a6afa93d6b89f18
b501a5ce8a144f8d8c32920a,93c88a18c673e2c72a6afa93d6b89f18
4c1fcb2db4e62d7f252fe093,8fb5ce1e34ad31de940481953aea452c
527febfe11d2a397c8945a9a,8fb5ce1e34ad31de940481953aea452c
4f8214cde4b0c7b856b78366,8fb5ce1e34ad31de940481953aea452c
4aaaa863f964a520d05620e3,8fb5ce1e34ad31de940481953aea452c
58c999231174200c2f0a3cf5,8fb5ce1e34ad31de940481953aea452c
4aac1cf4f964a520565c20e3,8fb5ce1e34ad31de940481953aea452c
4aa8661bf964a5201f5120e3,8fb5ce1e34ad31de940481953aea452c
5d9bf11da74b8d0008d8e4c5,8fb5ce1e34ad31de940481953aea452c
5cdc801a67af3a002c8871f3,8fb5ce1e34ad31de940481953aea452c
5be7ba0435d3fc002c48ef9a,8fb5ce1e34ad31de940481953aea452c
587ed07d6cda1c63dd82bdaa,8fb5ce1e34ad31de940481953aea452c
5ac2fec1a879211b2f8f8e98,8fb5ce1e34ad31de940481953aea452c
59bda9970531e83b964183b0,8fb5ce1e34ad31de940481953aea452c
5759cbdc498e70af14475a86,8fb5ce1e34ad31de940481953aea452c
388d19f52b0e4dc8323aa96c,8fb5ce1e34ad31de940481953aea452c
f07001cf36f24724e90c52bf,8fb5ce1e34ad31de940481953aea452c
377dde0a7e2842e30ddcfde3,8fb5ce1e34ad31de940481953aea452c
56e71692498e78e8143f679d,8c9ea7f2132376859ef34fab981d6932
4aa7d47ff964a520714d20e3,8c9ea7f2132376859ef34fab981d6932
5af8880a838e59002ce2d728,8c9ea7f2132376859ef34fab981d6932
518c4efa498e10ebaba29413,8c9ea7f2132376859ef34fab981d6932
4eacd4d2775bad292f2f5189,8c9ea7f2132376859ef34fab981d6932
4aa94391f964a520c05220e3,8c9ea7f2132376859ef34fab981d6932
551af7be498e3ed18d7107de,8c9ea7f2132376859ef34fab981d6932
5f3c94414f388b0d484e44a6,8c9ea7f2132376859ef34fab981d6932
62463f7a6993f17469d289ee,8c9ea7f2132376859ef34fab981d6932
5db90dd3a53fc80008bd246b,8c9ea7f2132376859ef34fab981d6932
4b7f2952f964a520621b30e3,8c9ea7f2132376859ef34fab981d6932
facc377b03204fccdd8c646b,8c9ea7f2132376859ef34fab981d6932
55d27a07ddd2459d97f17507,8c9ea7f2132376859ef34fab981d6932
8bd33a37dc04413619853df2,8c9ea7f2132376859ef34fab981d6932
bbe7d78189e442a16772a91b,8c9ea7f2132376859ef34fab981d6932
5276c109498e8f46e1c7296a,1d4153659a0a0a2089078c739df6737d
61c3872907094d8a9794afe2,1d4153659a0a0a2089078c739df6737d
e4f014be323f4311728f5d94,1d4153659a0a0a2089078c739df6737d
a9a415f9d90b415160f46f0b,1d4153659a0a0a2089078c739df6737d
4d1c6d33d9824641e66a2c7d,1d4153659a0a0a2089078c739df6737d
dc7c2d6768f34130f304301b,1d4153659a0a0a2089078c739df6737d
4bf46300706e20a13349a998,fbb4c06b719596c21f91fd51ef6d4710
53b98fd3498e06cf1e6ef4d2,00fa94ad698dc4a9e4d708d6fd32f294
4ad687d0f964a520aa0721e3,66a53e9c32e4f5c724f9478240020142
4c05d5ec761ac9b6fc2a2074,97b25faf822b93fdbf72da1d594c0288
4fae01d3e4b0861eac7a985a,97b25faf822b93fdbf72da1d594c0288
5f553af38e395e7714c55707,97b25faf822b93fdbf72da1d594c0288
a51e63ffaeed4a52f1e073f1,97b25faf822b93fdbf72da1d594c0288
b00c93f75db74c2372334b43,97b25faf822b93fdbf72da1d594c0288
0862947ad88d4eed8caedb96,97b25faf822b93fdbf72da1d594c0288
d77405179b737052e7c0e4c6,97b25faf822b93fdbf72da1d594c0288
4d2cce46ae3a8cfa4067bf70,6c7fb9043e6df5a4cc50404581a947b9
4aa7ceb6f964a520504d20e3,6c7fb9043e6df5a4cc50404581a947b9
553bdde9498e4eca654a36d3,6c7fb9043e6df5a4cc50404581a947b9
51fecfa2498e27c58533c281,6c7fb9043e6df5a4cc50404581a947b9
4aa8060af964a520d04e20e3,6c7fb9043e6df5a4cc50404581a947b9
5e2cbbcd1341aa000793b7f0,6c7fb9043e6df5a4cc50404581a947b9
4bf5a90192d19521859f591f,6c7fb9043e6df5a4cc50404581a947b9
50ef23afe4b04e0d11da9edd,6c7fb9043e6df5a4cc50404581a947b9
4bbbbfe02d9ea59370d79fce,6c7fb9043e6df5a4cc50404581a947b9
817a747515b144c095905240,6c7fb9043e6df5a4cc50404581a947b9
e6f7b0f5002b41f224d5b30e,6c7fb9043e6df5a4cc50404581a947b9
1f9a4b7a3a5f4027f7508328,6c7fb9043e6df5a4cc50404581a947b9
a502f40ac3014d4d286571eb,6c7fb9043e6df5a4cc50404581a947b9
51b201d27dd249ae714ba728,6c0de983fb47a3439a9e3c36a3d15804
5478ca03498e3bbc45e6ce54,6c0de983fb47a3439a9e3c36a3d15804
50ef41f7e4b016fee4a9c3fe,6c0de983fb47a3439a9e3c36a3d15804
4fbbcacd30cb4eee1005e5c9,6c0de983fb47a3439a9e3c36a3d15804
4aada5a2f964a520236120e3,d1c9556d92f329703229fb3e33899a3b
53eee0b9498e381a6c7eaa98,d1c9556d92f329703229fb3e33899a3b
4b2884d6f964a520c79324e3,d1c9556d92f329703229fb3e33899a3b
7710fffc00ff4d7589b911ee,d1c9556d92f329703229fb3e33899a3b
9f0dec8477884d4afd0a4d30,d1c9556d92f329703229fb3e33899a3b
8f8c48b0241e4a429d7c876a,d1c9556d92f329703229fb3e33899a3b
550500d6498e843f63843a8a,92c9e62c0b42adf4759c430009d3987a
4abed640f964a5202f9020e3,92c9e62c0b42adf4759c430009d3987a
51096d38e4b039faa3d0df47,92c9e62c0b42adf4759c430009d3987a
44a41ff300a742036a1183bf,51e4d3731aebbf9c3186f310a08de6c8
5bb278fba2a6ce002c88a4eb,4cb84c9a3743287019ae00ceef9a1cd3
bfd36040a5fa4d40e9cf98c1,4cb84c9a3743287019ae00ceef9a1cd3
50498cc6e4b0982c45215a43,56fef9ba0af67a4ff3e661a8e02c0b08
543ffaa5498e1016918872cf,a9f0b06d07f89b75e92c0cf686223aea
4c88f79f97828cfad822a0aa,a9f0b06d07f89b75e92c0cf686223aea
53bf6aa3498e4815fa520196,a9f0b06d07f89b75e92c0cf686223aea
60c2d2dd590f1b018a0d3ea4,a9f0b06d07f89b75e92c0cf686223aea
61ab03959f036e7986eda3ff,a9f0b06d07f89b75e92c0cf686223aea
5b0c270cad1789002c3bf54b,a9f0b06d07f89b75e92c0cf686223aea
59330b94e185f327ff54c37c,a9f0b06d07f89b75e92c0cf686223aea
6291cc2ec27d1c5140bc6ab5,a9f0b06d07f89b75e92c0cf686223aea
b2884dbee16e480e808b0bcd,a9f0b06d07f89b75e92c0cf686223aea
5853bad17c13480629767736,a9f0b06d07f89b75e92c0cf686223aea
5f4f31a414c44f7e85a651f0,a9f0b06d07f89b75e92c0cf686223aea
5119b99ee4b059beca1dbdc3,686b314a6c3348efd2297d6b3dfed1a7
4ad9279af964a520a31821e3,686b314a6c3348efd2297d6b3dfed1a7
4abc5e72f964a520148720e3,686b314a6c3348efd2297d6b3dfed1a7
4ab8356ff964a5208f7c20e3,686b314a6c3348efd2297d6b3dfed1a7
4b9424cef964a520fa6a34e3,686b314a6c3348efd2297d6b3dfed1a7
4ac6bae0f964a5200eb620e3,686b314a6c3348efd2297d6b3dfed1a7
5443098f498ec84e42f27c6a,686b314a6c3348efd2297d6b3dfed1a7
4be4ad0dcf200f471156123c,686b314a6c3348efd2297d6b3dfed1a7
4f29e4d7e4b02271ae59de77,686b314a6c3348efd2297d6b3dfed1a7
51204c1fe4b0d2f618776633,686b314a6c3348efd2297d6b3dfed1a7
5c944c11a9e402002c3c1e0c,686b314a6c3348efd2297d6b3dfed1a7
5f45dce816ac651908635457,686b314a6c3348efd2297d6b3dfed1a7
5d958ce7cf82720007fb0291,686b314a6c3348efd2297d6b3dfed1a7
2a0cdfb2c3de49b32d14520b,686b314a6c3348efd2297d6b3dfed1a7
b9a135bc151b4dfdc14a5749,686b314a6c3348efd2297d6b3dfed1a7
605cec93645e404853380395,686b314a6c3348efd2297d6b3dfed1a7
54c074fa498e4624306b462e,0d1b5c62f8d22e3650811df55596e25b
4aa6b094f964a520ad4a20e3,838d5bb59963474ad08a6d5b156943ed
4fb6cb56e4b04335c6dfbe0a,838d5bb59963474ad08a6d5b156943ed
4aa6ae76f964a520a24a20e3,838d5bb59963474ad08a6d5b156943ed
56170a0b498e26e1cc61f3b0,838d5bb59963474ad08a6d5b156943ed
4ac92cb6f964a52001bf20e3,838d5bb59963474ad08a6d5b156943ed
56c1111fcd109d4ce71f5095,838d5bb59963474ad08a6d5b156943ed
55416137498e0d288b76b9e7,838d5bb59963474ad08a6d5b156943ed
4aaaf261f964a520385820e3,838d5bb59963474ad08a6d5b156943ed
4ab3dc46f964a520ca6e20e3,838d5bb59963474ad08a6d5b156943ed
612a61346f20c75a0bd63f22,838d5bb59963474ad08a6d5b156943ed
4ab6a3fbf964a5205d7820e3,838d5bb59963474ad08a6d5b156943ed
4aa6b9c6f964a520d34a20e3,838d5bb59963474ad08a6d5b156943ed
56d2143ccd10a99384eccec8,838d5bb59963474ad08a6d5b156943ed
4aa57ee4f964a5209b4820e3,838d5bb59963474ad08a6d5b156943ed
5ce9e62b3731ee002c34bd98,838d5bb59963474ad08a6d5b156943ed
5cb297085bc27d002574e694,838d5bb59963474ad08a6d5b156943ed
5d95968647cc9a00081f427b,838d5bb59963474ad08a6d5b156943ed
a7beae7d87a24edc3e7d8834,838d5bb59963474ad08a6d5b156943ed
91e8da97d4204da26059c7e4,838d5bb59963474ad08a6d5b156943ed
40b1eb7aec204e7b693872cc,838d5bb59963474ad08a6d5b156943ed
bb1fd8464b2f46c816eb92b5,838d5bb59963474ad08a6d5b156943ed
4cf4597acc61a35d1324259e,fedff7a263c182df94bda7307059cc52
497dacca8ca9476c70f8644b,fedff7a263c182df94bda7307059cc52
a9a415f9d90b415160f46f0b,fedff7a263c182df94bda7307059cc52
58c999231174200c2f0a3cf5,b9baf685b7053de899bf3467f61c2781
554d16bf498e79a568da04de,b9baf685b7053de899bf3467f61c2781
4aa8661bf964a5201f5120e3,b9baf685b7053de899bf3467f61c2781
4c01b1a4716bc9b69a58bc55,b9baf685b7053de899bf3467f61c2781
5e17e61f28257000084b3773,b9baf685b7053de899bf3467f61c2781
4d70147a27316ea83a30b9aa,b9baf685b7053de899bf3467f61c2781
57479d2c498e0cddb26315f7,b9baf685b7053de899bf3467f61c2781
5be7ba0435d3fc002c48ef9a,b9baf685b7053de899bf3467f61c2781
5cdc801a67af3a002c8871f3,b9baf685b7053de899bf3467f61c2781
816e821ad8654473d70b1501,b9baf685b7053de899bf3467f61c2781
8a3e1fa42ded4d198f2236ee,b9baf685b7053de899bf3467f61c2781
4656af852cc54950df68f8cc,b9baf685b7053de899bf3467f61c2781
377dde0a7e2842e30ddcfde3,b9baf685b7053de899bf3467f61c2781
f07001cf36f24724e90c52bf,b9baf685b7053de899bf3467f61c2781
092550dff3d74086df5a358f,b9baf685b7053de899bf3467f61c2781
388d19f52b0e4dc8323aa96c,b9baf685b7053de899bf3467f61c2781
54d6dcdf498efaeaed8dc8d0,8d6f0cbf7d44d2908c8ce73ed00dbf66
5759d270498e2922f1ad18b3,8d6f0cbf7d44d2908c8ce73ed00dbf66
5c8d886ab25fee002cf99a9d,8d6f0cbf7d44d2908c8ce73ed00dbf66
54a86309498e18f46e7ee941,8d6f0cbf7d44d2908c8ce73ed00dbf66
4d8a902e7d4c548136636c71,8d6f0cbf7d44d2908c8ce73ed00dbf66
59f28edfc666666b314ccb23,8d6f0cbf7d44d2908c8ce73ed00dbf66
5dbe127ad358eb0007a61765,8d6f0cbf7d44d2908c8ce73ed00dbf66
52c5d4a6498edb92ced8478a,8d6f0cbf7d44d2908c8ce73ed00dbf66
aeca75f9e8fb49366df303d4,8d6f0cbf7d44d2908c8ce73ed00dbf66
c925e5c9bba746e13780b1c0,8d6f0cbf7d44d2908c8ce73ed00dbf66
4aa7f561f964a520384e20e3,3e112f9fe877e0003780386359060ae6
4b68d852f964a520d08f2be3,3e112f9fe877e0003780386359060ae6
5075f7b9f2e73b925f6431ef,3e112f9fe877e0003780386359060ae6
4ce1b62d69136dcb750aebe6,3e112f9fe877e0003780386359060ae6
4ba17810f964a520b2b937e3,3e112f9fe877e0003780386359060ae6
5e62bf9466f50a000749b2bd,3e112f9fe877e0003780386359060ae6
4db385ee0437fa536a17a608,3e112f9fe877e0003780386359060ae6
4e91027f0aafb4070c2e4225,3e112f9fe877e0003780386359060ae6
55073fe8498ef84023605e92,3e112f9fe877e0003780386359060ae6
4aa8288af964a520b44f20e3,3e112f9fe877e0003780386359060ae6
e8f6ac8e1b954cd284a954dc,3e112f9fe877e0003780386359060ae6
004af5450a624711db22fb6d,3e112f9fe877e0003780386359060ae6
ac99df13047840ceff55718f,3e112f9fe877e0003780386359060ae6
4aa73165f964a5203b4c20e3,cb6fddfdac7d350d25be475c7ab9e05a
4aa7d2fdf964a520674d20e3,cb6fddfdac7d350d25be475c7ab9e05a
50d4bd11e4b0b55bb4b657a3,57e928d8c30fab0ebffb3ede850f89d6
6084a4cf0cccc51c8d96523a,57e928d8c30fab0ebffb3ede850f89d6
5fbc00e8d90bc5545327794b,57e928d8c30fab0ebffb3ede850f89d6
4d9cffc2a695721ebd2a080d,57e928d8c30fab0ebffb3ede850f89d6
5453fb6d498e366a912293d5,3596b4831ee2ea7812de753b32306835
5780683c498e51523ab4851b,3596b4831ee2ea7812de753b32306835
4bb6483ff562ef3b59e92f97,3596b4831ee2ea7812de753b32306835
4aa9a724f964a520b65420e3,3596b4831ee2ea7812de753b32306835
4aa7d9cdf964a5209a4d20e3,3596b4831ee2ea7812de753b32306835
4ac4169cf964a5202b9e20e3,3596b4831ee2ea7812de753b32306835
61340bc71ef7f12ee8f1f1a2,3596b4831ee2ea7812de753b32306835
5b6e27f7c66666002c32ea31,3596b4831ee2ea7812de753b32306835
c769ebe8385c440770d70a08,3596b4831ee2ea7812de753b32306835
4ec01a36b803bca7de649427,c448b73d92f7f8e1daafb3b9c5fbe6a6
5358725f498ea4226bba2e18,c448b73d92f7f8e1daafb3b9c5fbe6a6
53a0f495498e3252dcd46897,c448b73d92f7f8e1daafb3b9c5fbe6a6
55c40e66498e739ed2c87adf,c448b73d92f7f8e1daafb3b9c5fbe6a6
4be4b33a2457a59384a4aa15,c448b73d92f7f8e1daafb3b9c5fbe6a6
fb7129198e904f3195e47fb0,c448b73d92f7f8e1daafb3b9c5fbe6a6
cf8deb849ef44d8e858a2ed0,c448b73d92f7f8e1daafb3b9c5fbe6a6
b7fec5b7b3ed41de9b33f062,c448b73d92f7f8e1daafb3b9c5fbe6a6
c37b76049ef84628fc631a73,c448b73d92f7f8e1daafb3b9c5fbe6a6
5d0d0388a7edf80023eaf1f3,61901a235d4cfceb7f8f2c3888b98617
508c2d32e4b032d8be856a72,175a074bf65455d1633639511dc129c8
51f0591a498e26b88854db2f,175a074bf65455d1633639511dc129c8
5691d6c2498eaae856c925dc,175a074bf65455d1633639511dc129c8
5024458ee4b0578fd3c5957a,175a074bf65455d1633639511dc129c8
5a9335a1c62b493a333d94c8,175a074bf65455d1633639511dc129c8
5a2b43264382ab0c1baa8ffd,175a074bf65455d1633639511dc129c8
554aefed498e353a3e1f30cf,175a074bf65455d1633639511dc129c8
4c2914f39fb5d13a79979a57,6993b3dbb0758927967592ea612a2b1e
4b9feb11f964a520654a37e3,6993b3dbb0758927967592ea612a2b1e
4ac3c9f4f964a520d49c20e3,6993b3dbb0758927967592ea612a2b1e
4ab2cd5cf964a520746c20e3,6993b3dbb0758927967592ea612a2b1e
4fa19819e4b0ab90fc87cef3,6993b3dbb0758927967592ea612a2b1e
5b25684d1543c7002c7230e9,6993b3dbb0758927967592ea612a2b1e
4efe5201a69d45461c39ca84,6993b3dbb0758927967592ea612a2b1e
508a9546b0b93324a1f072c2,6993b3dbb0758927967592ea612a2b1e
4ddacaa263653908de758dbe,6993b3dbb0758927967592ea612a2b1e
4aecadc3f964a5203aca21e3,6993b3dbb0758927967592ea612a2b1e
4b86efcdf964a520eca631e3,6993b3dbb0758927967592ea612a2b1e
5d2846ea3221cb0023997a80,6993b3dbb0758927967592ea612a2b1e
524c7f48498e1fa3f19e52e3,6993b3dbb0758927967592ea612a2b1e
4b6f45fef964a52087e82ce3,6993b3dbb0758927967592ea612a2b1e
4bd9db2f3904a5939ee8439e,6993b3dbb0758927967592ea612a2b1e
4bc16b7266ec40f566f05423,6993b3dbb0758927967592ea612a2b1e
e9693515c85fbcec686cd8c6,6993b3dbb0758927967592ea612a2b1e
f1fe082c9da445475eed6767,6993b3dbb0758927967592ea612a2b1e
a13f4631e77b44024a06c12f,6993b3dbb0758927967592ea612a2b1e
181f4901be7946afcc0bc05c,6993b3dbb0758927967592ea612a2b1e
2cc013b21b1c4dfb599e7061,35eb539fb9298bb7e4f6759ca0256505
57951723498e1e1d10b665a7,7b8dfa12900bcb02b47a14e4e5010ba3
4b1b3a7af964a520dff923e3,e1a4d91fdae7e18483373f648141e53e
4aa748faf964a5209a4c20e3,e1a4d91fdae7e18483373f648141e53e
5d3244e349d04f0008eee7b6,e1a4d91fdae7e18483373f648141e53e
4aa8555cf964a520e75020e3,e1a4d91fdae7e18483373f648141e53e
59d6f4326cf01a0e1628385e,e1a4d91fdae7e18483373f648141e53e
5b5a6a67029a55002c8dbb0f,e1a4d91fdae7e18483373f648141e53e
4e14dcd618384368edca8944,e1a4d91fdae7e18483373f648141e53e
4aaecec2f964a520636320e3,e1a4d91fdae7e18483373f648141e53e
4ac4231bf964a5204c9e20e3,e1a4d91fdae7e18483373f648141e53e
5d86d1d0f516bc0008f4791b,e1a4d91fdae7e18483373f648141e53e
5b57da878496ca002cd928b6,e1a4d91fdae7e18483373f648141e53e
56c27e6bcd103c57e982d875,e1a4d91fdae7e18483373f648141e53e
5ad16e4fe0c0c95f1e7705d1,e1a4d91fdae7e18483373f648141e53e
5c662eac0802d4002c1b3e0d,e1a4d91fdae7e18483373f648141e53e
5a08d320e65d0c20c67525cf,e1a4d91fdae7e18483373f648141e53e
4b5bcf63f964a520771729e3,e1a4d91fdae7e18483373f648141e53e
614f709a591409106025779c,e1a4d91fdae7e18483373f648141e53e
6250be2cb6f53606d200799b,e1a4d91fdae7e18483373f648141e53e
4ad54f55f964a520c60221e3,e1a4d91fdae7e18483373f648141e53e
476f05742e844b1be7951a01,e1a4d91fdae7e18483373f648141e53e
4c29d694b794430313623c4d,e1a4d91fdae7e18483373f648141e53e
d51b0c019cba484c11508497,e1a4d91fdae7e18483373f648141e53e
8baae0792dda4d2c168a2883,e1a4d91fdae7e18483373f648141e53e
4adb81d7f964a5205e2821e3,ae69aeab748d02e5a7d89da28a1a8511
50648a27e4b06a6416704ae0,0c9ad3e3703e5869b82619ecdf54f43e
61cf7919e816b708fd4a6e61,0c9ad3e3703e5869b82619ecdf54f43e
530e9ea1498eee5076f049a3,852212d6d52b5f00544fad01d21c7db2
58433dcee110955af05a854c,852212d6d52b5f00544fad01d21c7db2
55d4d3c8498ea0961a75dda6,852212d6d52b5f00544fad01d21c7db2
5840e68326a4073fb5517d3d,852212d6d52b5f00544fad01d21c7db2
4b85b032f964a520e86c31e3,852212d6d52b5f00544fad01d21c7db2
4e99cefcf790b2a9190a854e,852212d6d52b5f00544fad01d21c7db2
4aa7f74ff964a520474e20e3,852212d6d52b5f00544fad01d21c7db2
54ce8759498ede96b0c2d9ad,852212d6d52b5f00544fad01d21c7db2
4ccbaf08c0378cfa0aed8048,852212d6d52b5f00544fad01d21c7db2
590cd4fd0a464d19ef9cf8f0,852212d6d52b5f00544fad01d21c7db2
5a19e0d13c858d332c664703,852212d6d52b5f00544fad01d21c7db2
616f8af98fc46720384a4074,852212d6d52b5f00544fad01d21c7db2
5eecc43ce0631d000726dd68,852212d6d52b5f00544fad01d21c7db2
a45ecd8d59e54ab55e41c7e5,852212d6d52b5f00544fad01d21c7db2
eea6aaa7c88c45b575daea7d,852212d6d52b5f00544fad01d21c7db2
4d0e57def393224b4f4721ee,852212d6d52b5f00544fad01d21c7db2
82405aed507345cdc921f2b1,852212d6d52b5f00544fad01d21c7db2
8f7cb4a05f9346ced1cfac97,852212d6d52b5f00544fad01d21c7db2
a2ad7204097248eebad0bad2,852212d6d52b5f00544fad01d21c7db2
c1104a340af040ccacba8ae4,852212d6d52b5f00544fad01d21c7db2
7ea8431380f24249bf15ff3a,852212d6d52b5f00544fad01d21c7db2
4d320c5498336dcb18401ff0,f3708906ec71348f5a42579fede36a0d
5baeb74073fe25002c5728d5,f3708906ec71348f5a42579fede36a0d
b950465a81844c7d30ada9e8,f3708906ec71348f5a42579fede36a0d
a09c441d051b4de1c05dacc3,f3708906ec71348f5a42579fede36a0d
4c0b27b970f241821848edbb,f3708906ec71348f5a42579fede36a0d
